last,volume,bid_ask_spread_percentage,converted_last_btc,converted_last_eth,converted_last_usd,converted_volume_btc,converted_volume_eth,converted_volume_usd
1.3332230286523526e-08,6.37119214180159e-08,0.008247148939891593,0.0008121902783272755,0.0008122059230005384,0.0008121526675269813,0.0008501432875176685,0.0008502230573479599,0.0008498139076435152
1.3394754352271294e-08,1.0407635748591827e-07,0.008247580082645615,0.0008121902783272755,0.0008122059230005384,0.0008121526675269813,0.0013952610030920057,0.0013953910993095365,0.0013947205744221838
1.5166119688090617e-12,6.524615833133812e-05,0.00824923511450783,0.0008121902783272755,0.0008122059230005384,0.0008121526675269813,9.903726030711208e-05,9.904652307079757e-05,9.89990691821197e-05
4.827653124146347e-10,3.378227437713422e-07,0.008255243297402591,0.0008121902783272755,0.0008122059230005384,0.0008121526675269813,0.0001632275602120429,0.00016324380296491722,0.00016316499112181264
8.731698428782377e-11,5.1065141153235215e-06,0.008256814882280156,0.0008148681690866189,0.0008148905945303667,0.0008148421886843106,0.0004477346522657848,0.0004477777414818995,0.00044756089293794896
1.2486474814011407e-08,2.4843619212443247e-08,0.008260264024312335,0.0008121902783272755,0.0008122059230005384,0.0008121526675269813,0.00031047264153283353,0.00031050271294566365,0.0003103516705734104
1.275421726798704e-08,2.0361900426088766e-08,0.008270667081731969,0.0008121902783272755,0.0008122059230005384,0.0008121526675269813,0.0002599206262251769,0.00025994444423308713,0.000259820007701242
4.603578884535432e-10,7.135071490105697e-08,0.008266814612607318,0.0008121902783272755,0.0008122059230005384,0.0008121526675269813,3.287474668393146e-05,3.287782621395098e-05,3.28616400968588e-05
1.005508794213079e-09,8.043121910966116e-08,0.008268511367961856,0.0008148681690866189,0.0008148905945303667,0.0008148421886843106,8.12097156956562e-05,8.121730491412996e-05,8.117875520210779e-05
1.1986442617895116e-09,8.085810069792297e-09,0.008271960509994035,0.0008114708449889444,0.0008114302513411191,0.0008113842329106016,8.044506364290581e-05,8.04466508429176e-05,8.042085221184079e-05
8.793167488972976e-11,3.054836940993315e-06,0.008341791728314864,0.0008148681690866189,0.0008148295938617866,0.0008148421886843106,0.0002697309502550511,0.00026973586531240236,0.00026965196020578157
1.4599594819701845e-05,1.435487174431595e-12,0.00830666054777744,0.0008121902783272755,0.0008122059230005384,0.0008121526675269813,2.0975317791511132e-05,2.0977282780611487e-05,2.096718411937559e-05
1.3332032996937917e-08,3.1107772236892478e-09,0.008317091420858623,0.0008149680903836092,0.0008149881956000949,0.0008148421886843106,4.164996360510671e-05,4.1653869175465375e-05,4.1633487785898315e-05
9.222627339098774e-12,8.285328117229952e-08,0.008361791188969188,0.0008121902783272755,0.0008122059230005384,0.0008121526675269813,7.647645697421929e-07,7.648359943725075e-07,7.644644485661768e-07
9.365338539124903e-07,4.736075597285876e-11,0.008384544400116942,0.0008121902783272755,0.0008122059230005384,0.0008121526675269813,4.439261158150607e-05,4.4396763512078065e-05,4.437568953338332e-05
2.522925400929429e-07,6.17617930419649e-10,0.008381276059884838,0.0008079236389457842,0.0008079480763336426,0.0008079262771368926,7.29312861456016e-06,7.2938105816475996e-06,7.29029700602712e-06
1.1996724301431427e-09,2.3345563458707615e-09,0.008396324332783292,0.0008141187593591906,0.0008140789645821,0.0008140737540679308,2.7499091761041005e-05,2.749963090405169e-05,2.749101798751621e-05
1.2006134049866026e-09,1.3924120605117786e-10,0.008387395505425799,0.0008121003491599841,0.0008121192378399244,0.0008121526675269813,1.6355790117452673e-06,1.6357319241114238e-06,1.6349496108684004e-06
1.872844445562161e-12,2.416491059148004e-06,0.00841005136175813,0.0008121902783272755,0.0008122059230005384,0.0008121526675269813,4.529550144420742e-06,4.529975488077394e-06,4.527788575047615e-06
3.7364123954354645e-11,3.2232521537323587e-07,0.00845694856713113,0.0008121902783272755,0.0008122059230005384,0.0008121526675269813,1.2053616947036804e-05,1.2054745404455874e-05,1.204893643500096e-05
3.460689450299824e-11,6.018352676309189e-09,0.008472344535798959,0.0008148681690866189,0.0008148295938617866,0.0008148421886843106,2.0913086065667194e-07,2.0913481046863755e-07,2.090686602344461e-07
3.898863840316251e-11,1.0986522052973495e-07,0.008532648890038973,0.0008121902783272755,0.0008122059230005384,0.0008121526675269813,4.287123456676698e-06,4.287523543022509e-06,4.285467481851491e-06
5.981969407864673e-11,3.3657142953665674e-08,0.008538684888595285,0.0008148681690866189,0.0008148905945303667,0.0008148421886843106,2.021700637305222e-06,2.021889853883124e-06,2.020920502894877e-06
9.247145155582677e-11,1.2759752220515166e-07,0.008600602551205191,0.0008121902783272755,0.0008122059230005384,0.0008121526675269813,1.1809137932018502e-05,1.1810243221899532e-05,1.1804552694426261e-05
7.553364905085358e-11,5.090382404401254e-08,0.008770723137243907,0.0008148681690866189,0.0008148905945303667,0.0008148421886843106,3.860888691063958e-06,3.8612505647210084e-06,3.859394887302027e-06
1.5730613225235993e-12,2.4596613259745154e-07,0.008807078206889524,0.0008121902783272755,0.0008122059230005384,0.0008121526675269813,3.8723950838513877e-07,3.872755364201475e-07,3.8709591537437673e-07
4.324298090579348e-12,3.3796914215449756e-06,0.009069477250119778,0.0008121902783272755,0.0008122059230005384,0.0008121526675269813,1.4627200408647347e-05,1.462857132942631e-05,1.4621521412005966e-05
6.731023892462393e-11,1.1839057885498177e-08,0.008968186518586099,0.0008121902783272755,0.0008122059230005384,0.0008121526675269813,7.97557298830308e-07,7.976316415608952e-07,7.972429534194962e-07
1.2200988018143353e-11,4.3902408200245295e-08,0.00905965832159269,0.0008121902783272755,0.0008122059230005384,0.0008121526675269813,5.360981249166262e-07,5.361483334854825e-07,5.358943378938841e-07
3.6656978011013086e-12,2.560965363365582e-08,0.009131075032621859,0.0008121902783272755,0.0008122059230005384,0.0008121526675269813,9.39476320045396e-08,9.395623665230261e-08,9.391217635463834e-08
7.712987237836738e-12,8.933062256517068e-08,0.009231823358755317,0.0008121902783272755,0.0008122059230005384,0.0008121526675269813,6.895817570465099e-07,6.896461937019189e-07,6.893137301219812e-07
9.34700166697104e-07,3.3893239582319554e-13,0.009599657667090174,0.0008148681690866189,0.0008148905945303667,0.0008148421886843106,3.1810469702057185e-07,3.1813425714613064e-07,3.1797324392027937e-07
2.2800560044510923e-11,3.3571527041510976e-08,0.009985516524109315,0.0008148681690866189,0.0008148905945303667,0.0008148421886843106,7.6861507512886e-07,7.686866451291541e-07,7.683179215757621e-07
8.765777391729527e-10,6.324384699185743e-09,0.012030287528129109,0.0008148681690866189,0.0008148905945303667,0.0008148421886843106,5.566797347125844e-06,5.567318145056124e-06,5.564644636373638e-06
9.227562037799928e-12,1.636300307723867e-08,0.011201450353098268,0.0008148681690866189,0.0008148905945303667,0.0008148421886843106,1.5160746312691272e-07,1.5162150530881284e-07,1.515543763527926e-07
1.0060263000495005e-09,1.6928469894547408e-10,0.01122598376658521,0.0008121902783272755,0.0008122059230005384,0.0008121526675269813,1.7044029038053098e-07,1.7045586376107714e-07,1.703740349929667e-07
4.823193905366975e-10,1.8131786140286566e-09,0.011795384266340856,0.0008148681690866189,0.0008148295938617866,0.0008148421886843106,8.781487883697669e-07,8.781657725362905e-07,8.778940648732242e-07
1.2525151661256842e-08,1.1060241085954727e-10,0.012247917264094922,0.0008121902783272755,0.0008122059230005384,0.0008121526675269813,1.3864791406893193e-06,1.3866085543418901e-06,1.3859449005851115e-06
1.3862692625324301e-16,1.0,0.008274714260487469,0.0008121902783272755,0.0008122059230005384,0.0008121526675269813,0.00014072300549281062,0.00014073663247956804,0.00014066774413224175
7.954934567015644e-12,1.2533972619246337e-08,0.008330860173325785,0.0008148681690866189,0.0008148905945303667,0.0008148421886843106,1.0011126912451742e-07,1.0012028772920408e-07,1.0006813946123735e-07
4.580664496239144e-10,8.458482943460316e-09,0.008453777581714452,0.0008148681690866189,0.0008148905945303667,0.0008148421886843106,3.890607088801435e-06,3.8909723258405565e-06,3.8891034053593284e-06
1.3939877740970154e-16,0.004825875754161945,0.00866502362335458,0.0008121902783272755,0.0008122059230005384,0.0008121526675269813,6.828303739924972e-07,6.828942029399518e-07,6.825661549765661e-07
8.176611753710222e-13,1.5129420070269077e-06,0.008975710655035326,0.0008121902783272755,0.0008122059230005384,0.0008121526675269813,1.2381180076235825e-06,1.2382337484714982e-06,1.2376421530170448e-06
1.232837178634483e-06,4.264215446322437e-12,0.008976002719481598,0.0008192147455057023,0.0008192306315717706,0.0008190685790743994,5.123518243881398e-08,5.123963186658069e-08,5.12201724725102e-08
2.4382222231881125e-06,2.9514482634680006e-12,0.008979632663313851,0.0008141587278779868,0.0008141791341010317,0.0008140737540679308,3.5580259598519395e-08,3.558348903945541e-08,3.556643771572989e-08
1.5713925052420286e-13,1.683271555128161e-05,0.009239375310866096,0.0008121902783272755,0.0008122059230005384,0.0008121526675269813,2.6473501527222496e-06,2.647598014475902e-06,2.6463183859816473e-06
0.0,0.3626282221722968,0.009241600563790081,0.0008121902783272755,0.0008122059230005384,0.0008121526675269813,7.17405890818244e-07,7.174728884894498e-07,7.171194959463336e-07
4.41283938423277e-14,2.0803178300359403e-08,0.009398633881069606,0.0008121902783272755,0.0008122059230005384,0.0008121526675269813,9.094888315878964e-10,9.093484949419158e-10,9.082423063153838e-10
1.8769627146569163e-12,2.1976096239221583e-07,0.0094230282162488,0.0008121902783272755,0.0008122059230005384,0.0008121526675269813,4.1282455060491986e-07,4.128629281280237e-07,4.1266314915996575e-07
6.080769005927553e-13,3.247854227557364e-07,0.012076892669055837,0.0008121902783272755,0.0008122059230005384,0.0008121526675269813,1.9765338467802787e-07,1.976717909257816e-07,1.9757219926394044e-07
1.1350216642357848e-10,1.3567077547710268e-10,0.013145779003261651,0.0008192147455057023,0.0008192306315717706,0.0008190685790743994,1.546545572162054e-08,1.5466649559226662e-08,1.5451628395985622e-08
5.581299494258564e-10,1.4155596495941398e-05,,0.0008142086885264821,0.0008141688603042183,0.0008140737540679308,0.007818601546390752,0.007818702326492948,0.007816311090643745
1.3393790459153759e-08,1.4244955105331e-07,,0.0008143585704719677,0.000814321683031819,0.0008144579713761208,0.0019147344027058684,0.0019147721253955595,0.0019141719340172011
1.0935350464823929e-11,0.00011445063297281747,,0.0008140488144512974,0.000814009616453609,0.0008140737540679308,0.0011257375223690475,0.0011257568007314303,0.0011253788005667305
1.3323208807982935e-08,6.070771211971178e-08,,0.0008155676181655517,0.0008155243593712996,0.0008156106233006904,0.0008133483954579256,0.0008133615512917882,0.0008130891905961474
8.777932928111769e-11,7.958803307158428e-06,,0.0008140488144512974,0.000814009616453609,0.0008140737540679308,0.000658981938154372,0.0006589923000413234,0.0006587727866010887
1.2485100624764138e-08,3.274099537327892e-08,,0.0008140488144512974,0.000814009616453609,0.0008140737540679308,0.00041001009837832224,0.00041001808705481616,0.000409880002919738
5.579283214524227e-10,6.226119243943174e-07,,0.0008142086885264821,0.0008141688603042183,0.0008140737540679308,0.00034367213406673265,0.0003436780683962181,0.00034357148602865735
4.817959707776597e-10,4.3160968082393625e-07,,0.0008142086885264821,0.0008142292188604975,0.0008140737540679308,0.00021085107836897124,0.0002108697241688918,0.0002107689738775699
1.3394320317431576e-08,1.3435763920964904e-08,,0.0008103916949814479,0.0008103470078895953,0.0008102315809860319,0.00017971801402027508,0.0001797205486741443,0.00017966457119895422
5.593634382045097e-10,3.1864386087762627e-07,,0.0008140488144512974,0.000814009616453609,0.0008140737540679308,0.00017597083212264839,0.00017597291767408973,0.00017591503003402573
2.5166140136977305e-07,1.4193158910040139e-08,,0.0008137490505603261,0.0008137065394476106,0.0008136895367597409,0.00017119603074162954,0.00017119883139299312,0.0001711453578400037
1.506277589541703e-12,8.140525806597867e-05,,0.0008140488144512974,0.000814009616453609,0.0008140737540679308,0.0001247920542011179,0.0001247942182245178,0.0001247517813366349
8.788819231547232e-11,1.5101671763032944e-06,,0.0008131095542595875,0.0008130689219328726,0.0008129211021433611,0.00012368353126113,0.00012368593253847952,0.0001236469058803596
1.047401776445412e-10,7.39450201242431e-07,,0.0008137490505603261,0.0008137668980038899,0.0008136895367597409,7.780727819302463e-05,7.781455754238426e-05,7.777778545464387e-05
2.51896577666719e-07,5.003557681194538e-09,,0.0008142186806561811,0.0008141817025502351,0.0008140737540679308,6.024540472669831e-05,6.0246601658408735e-05,6.0227694270739814e-05
1.0488212561590634e-10,3.9447976754715186e-07,,0.0008142086885264821,0.0008141688603042183,0.0008140737540679308,4.149685391748829e-05,4.1497666204624296e-05,4.148478530046618e-05
9.33940452710295e-07,3.163172344067528e-11,,0.0008128197824983152,0.0008127780450605902,0.0008129211021433611,2.9292853667800437e-05,2.929342566112774e-05,2.9284242045711215e-05
4.5577410173568573e-10,4.696056170692213e-08,,0.0008142086885264821,0.0008141688603042183,0.0008140737540679308,2.1433377772381437e-05,2.1433796093794313e-05,2.142707453722494e-05
1.3333034706110253e-08,1.3188521429814055e-09,,0.0008102118366468651,0.0008101685006699607,0.0008102315809860319,1.7556498274820095e-05,1.755684242057095e-05,1.755134412336846e-05
1.3416873548153e-06,1.4349879234931189e-09,,0.0008093525134927474,0.0008093125649729359,0.000809463146369652,1.696192858137416e-05,1.6962260179845456e-05,1.6956949909018562e-05
3.701652185192533e-11,3.589940964658197e-07,,0.0008140488144512974,0.000814009616453609,0.0008140737540679308,1.2892843684701162e-05,1.2893065332398183e-05,1.2888737718857566e-05
3.922256909067061e-11,2.7219479119659663e-07,,0.0008142086885264821,0.0008142292188604975,0.0008140737540679308,1.0586465830181015e-05,1.0587456983873166e-05,1.0582362169805203e-05
5.491041324974416e-10,1.7715670922927657e-08,,0.0008142086885264821,0.0008141688603042183,0.0008140737540679308,9.796989102916024e-06,9.797179974592757e-06,9.794111080898404e-06
1.5044459873666634e-12,4.831372256560427e-06,,0.0008137490505603261,0.0008137668980038899,0.0008136895367597409,7.22435069350798e-06,7.225027385575271e-06,7.221542093407963e-06
9.344426601889677e-07,7.59713822026746e-12,,0.0008137490505603261,0.0008137668980038899,0.0008136895367597409,7.036523648042223e-06,7.037183396083948e-06,7.033793213413974e-06
9.198979578517453e-11,7.324278148872275e-08,,0.0008142086885264821,0.0008141688603042183,0.0008140737540679308,6.738023169689943e-06,6.7381561228435025e-06,6.736036473229333e-06
1.3206323885736511e-08,4.708714441020953e-10,,0.0008142086885264821,0.0008141688603042183,0.0008140737540679308,6.271460630689695e-06,6.271584082518591e-06,6.269622333438443e-06
6.202886105876438e-06,5.14097786254874e-10,,0.0008116407111938281,0.0008115984847639401,0.0008117684502187915,5.7349962573225015e-06,5.7351088337183395e-06,5.733318025494451e-06
2.2608575919600835e-11,2.27679103080852e-07,,0.0008137490505603261,0.0008137668980038899,0.0008136895367597409,5.519493158447727e-06,5.520010318066847e-06,5.517347652297482e-06
8.58460728299592e-11,5.990077109701883e-08,,0.0008142086885264821,0.0008141688603042183,0.0008140737540679308,5.216832703388948e-06,5.216936031036043e-06,5.215305722210067e-06
7.105789615169604e-14,7.084130280339866e-05,,0.0008137490505603261,0.0008137668980038899,0.0008136895367597409,4.931088765946067e-06,4.93154938617882e-06,4.929173359112433e-06
8.054517658735862e-06,4.055086358838089e-10,,0.0008142086885264821,0.0008141688603042183,0.0008140737540679308,4.8174246088799895e-06,4.817519292861182e-06,4.8160155645529485e-06
1.7496715694769677e-11,2.691706799376906e-07,,0.0008137490505603261,0.0008137668980038899,0.0008136895367597409,4.72244644657304e-06,4.722887600518863e-06,4.7206221206725085e-06
1.6224317248360048e-06,3.7145068877949844e-10,,0.0008160172640020088,0.0008159770485433946,0.0008159948406088804,4.438269415664845e-06,4.438356335062508e-06,4.436968132332077e-06
3.923475118466869e-11,1.1023458604720738e-07,,0.0008137490505603261,0.0008137668980038899,0.0008136895367597409,4.283681004199648e-06,4.284080640934013e-06,4.28201374670597e-06
5.071773744922559e-10,8.07805948926309e-09,,0.0008140488144512974,0.000814009616453609,0.0008140737540679308,4.185830249238456e-06,4.185901797138717e-06,4.184493697388705e-06
1.8739521293325823e-12,2.0485338372258916e-06,,0.0008142086885264821,0.0008141688603042183,0.0008140737540679308,3.81845077250776e-06,3.818524363647633e-06,3.81732647448784e-06
1.0,2.800466206732116e-10,,0.0008142186806561811,0.0008141817025502351,0.0008140737540679308,3.144939271315983e-06,3.145001296464501e-06,3.1440080162569734e-06
1.5418412063330828e-13,1.9050153788937645e-05,,0.0008140488144512974,0.000814009616453609,0.0008140737540679308,2.9892232029313477e-06,2.989274130415158e-06,2.9882701444173e-06
1.2477474343180733e-08,2.480927469630224e-10,,0.0008140488144512974,0.000814009616453609,0.0008140737540679308,2.919782247895549e-06,2.9198333614284117e-06,2.918859661701076e-06
2.5283722077551293e-07,2.325051021521081e-10,,0.0008103117579438554,0.0008102712386380958,0.0008102315809860319,2.7843265680140773e-06,2.7843813602402767e-06,2.783508420928711e-06
0.0001377486638860135,2.2721797803127343e-10,,0.0008137490505603261,0.0008137065394476106,0.0008136895367597409,2.7421556932580565e-06,2.7422084827168375e-06,2.7413440710271485e-06
5.982420378798535e-11,4.0338079357931396e-08,,0.0008142086885264821,0.0008141688603042183,0.0008140737540679308,2.425296993533782e-06,2.4253440362912963e-06,2.4245757980275825e-06
1.0081378904701893e-12,2.1297226552944962e-06,,0.0008140488144512974,0.000814009616453609,0.0008140737540679308,2.14385903337974e-06,2.1438957720405215e-06,2.1431763312404763e-06
1.2204420650553737e-11,1.255059927133039e-07,,0.0008142086885264821,0.0008141688603042183,0.0008140737540679308,1.534278733053749e-06,1.5343086529792405e-06,1.5338319207745508e-06
7.539699961848292e-11,1.920987125929236e-08,,0.0008140488144512974,0.000814009616453609,0.0008140737540679308,1.4305446953671578e-06,1.43056920154375e-06,1.4300919502924357e-06
1.2200171247660812e-11,1.0750934388512217e-07,,0.0008137490505603261,0.0008137668980038899,0.0008136895367597409,1.3134568038474066e-06,1.3135796291521389e-06,1.3129527666068662e-06
1.2532613663680339e-08,9.967526839579662e-11,,0.0008142086885264821,0.0008141688603042183,0.0008140737540679308,1.2530965858858583e-06,1.2531210656008805e-06,1.2527202652495717e-06
6.060699474366916e-11,1.7516745693105146e-08,,0.0008140488144512974,0.000814009616453609,0.0008140737540679308,1.0637791698032248e-06,1.0637972964766612e-06,1.0634363918575743e-06
1.8063494306088147e-09,0.0010654174005202846,0.0007907436265383609,3.4972453946648915e-06,3.4603431892477423e-06,3.463142707369604e-06,0.07220997461799704,0.07222075202999857,0.07222598518508618
1.7600936014093172e-09,1.6619817840481309e-06,0.0007907436265383609,3.3473634491792527e-06,3.310731023151115e-06,3.3111463402496823e-06,0.00013804037997803986,0.00013804218736683267,0.00013799589624883217
1.7287819631819648e-09,3.370352850343624e-05,0.00113137421787749,3.2474421521888274e-06,3.2118457288211554e-06,3.2124024920448797e-06,0.002345409915375761,0.0023454716920965533,0.002344737582158754
1.7494191792863561e-09,0.0001030994275351162,0.0017285208400290844,3.3173870600821256e-06,3.276056958905545e-06,3.2782957603994462e-06,0.008511251602551303,0.00851102502907079,0.008511157831281691
1.7644819749487569e-09,1.3594953962702017e-05,0.005452008742073006,3.367347708577339e-06,3.324857493769681e-06,3.3253623806527086e-06,0.0011319809398642184,0.0011320010703577694,0.0011316211070519675
1.8063494306088147e-09,0.00010488854013078925,0.0017411630582034791,3.4972453946648915e-06,3.4603431892477423e-06,3.462720068330595e-06,0.006841811895368757,0.0068430351973774554,0.006841727792733206
1.7458610385787024e-09,3.44063447492559e-05,0.004620139659933233,3.3073949303830833e-06,3.2644989374903547e-06,3.2650402632668955e-06,0.002834615855233091,0.0028334442558069404,0.0028337017343372716
1.8122796651215709e-09,5.400351643136771e-05,0.010761420495210845,3.5172296540629762e-06,3.480248670573903e-06,3.482814633548926e-06,0.004618609865482305,0.004619048755119677,0.004619047758707289
6.51119982517114e-14,4.348101845555557e-05,0.007391761715911445,3.1375287254993597e-06,3.0969076269700987e-06,3.0977136255501964e-06,0.00292591821370489,0.002927001377776919,0.0029250658205479388
1.757247088843194e-09,3.141524058518556e-05,0.006438477271106694,3.3373713194802103e-06,3.3010993386384557e-06,3.3036541027399794e-06,0.0020913855403473865,0.0020913411451591864,0.002091343750128033
1.8063494306088147e-09,3.4433123783107185e-05,0.0017398835377721873,3.4972453946648915e-06,3.4603431892477423e-06,3.462720068330595e-06,0.002256936058214249,0.0022569078473791437,0.002256910376569333
1.68537264654859e-09,2.8589511065616747e-05,0.0037698844255090254,3.1075523364022327e-06,3.071223134936343e-06,3.0717789572473787e-06,0.0019887370232298334,0.0019887758088738125,0.0019881522199954147
1.7569624375865819e-09,1.2582554281986688e-05,0.01383955723363733,3.3373713194802103e-06,3.3004572263376126e-06,3.3010030033134698e-06,0.000860555749561774,0.0008605704750378395,0.000860282242827646
1.0859555744565016e-12,4.4938244657789825e-06,0.008252072311985912,3.5272217837620186e-06,3.488596130484873e-06,3.489269484326517e-06,0.0002978705867097049,0.00029787517454034427,0.0002977823131757546
1.8180340800962052e-09,3.816543576301165e-06,0.008252670348709234,3.5571981728591474e-06,3.5136385102177856e-06,3.514128344166403e-06,0.0002554418191871582,0.00025544568319664507,0.00025536692789555936
1.795675008485854e-09,2.565322827699862e-05,0.002408182622168228,3.4672690055677644e-06,3.4256691250021724e-06,3.4263731109758315e-06,0.0021737864388132796,0.002173807738584781,0.002173078950669105
1.8087212872045368e-09,3.287484548674847e-06,0.013768307416577459,3.507237524363934e-06,3.4680485368578686e-06,3.470404414494393e-06,0.0002805947246405777,0.0002805911645215476,0.00028059038711805267
1.0287751065745805e-12,1.979771043162055e-07,0.03028578965026242,3.2174657630917003e-06,3.181666450681492e-06,3.1822798550827923e-06,1.2209493990422482e-05,1.2209702729044437e-05,1.2205601698685265e-05
1.754163366896561e-09,3.39234169294908e-06,0.0039846213326736575,3.3373713194802103e-06,3.2940361033291734e-06,3.294548152535879e-06,0.0002809327721427646,0.00028093866240315034,0.00028085101620542295
1.6123121573514348e-09,1.9331993209733324e-06,0.003946778125135123,3.3473634491792527e-06,3.3049520124435197e-06,3.3055367675501102e-06,0.00016040479909559038,0.000160407685638913,0.000160357232364621
1.8081522219006927e-09,1.133112268991273e-06,0.008579323570119576,3.507237524363934e-06,3.4661221999553374e-06,3.468560171415082e-06,7.65453922481686e-05,7.654431913209472e-05,7.654499388186781e-05
1.7275484744033116e-09,8.13554219997205e-07,0.019734711187691333,3.2474421521888274e-06,3.2060667181135603e-06,3.208329788578067e-06,6.633267231129835e-05,6.633174933170136e-05,6.633249093073851e-05
8.418645133269707e-12,3.838075704637502e-08,0.009862251419951276,3.387331967975424e-06,3.3518262104051247e-06,3.3522191704951824e-06,3.0725417004987837e-06,3.0726014493628758e-06,3.0716394733466693e-06
1.6343726297388876e-09,8.024832321715843e-07,0.0025045221659460394,2.937686131518509e-06,2.892073803000896e-06,2.903568619721844e-06,6.176231334116283e-05,6.175873067102134e-05,6.186661951340578e-05
6.748409205681384e-14,6.837623389423352e-09,0.007391761715911445,3.3373713194802103e-06,3.2966045525325494e-06,3.29754504753976e-06,5.665386224003768e-07,5.665495064247769e-07,5.663703526501897e-07
6.712827798604848e-14,4.8821648367441317e-08,0.00763018365888575,3.3073949303830833e-06,3.265783162092042e-06,3.2745304307791862e-06,4.023899381136613e-06,4.023248731002968e-06,4.0276685385587745e-06
1.608785234908604e-09,1.8825829424990013e-09,0.009718388818415594,2.867741223625211e-06,2.822725674509756e-06,2.823036671925242e-06,1.4296181610715708e-07,1.4296394308656122e-07,1.429200384889914e-07
1.4647679226740625e-09,5.591994232722312e-06,0.0032334037611975943,2.3981111277702115e-06,2.356552144097089e-06,2.3571347640141774e-06,0.00034544003057687775,0.00034544763453176456,0.0003453383273878241
9.28146427704668e-13,6.818668596229203e-09,0.009718388818415594,2.6778907593434027e-06,2.63715521956587e-06,2.637421290338704e-06,4.993837619530116e-07,4.993923064016804e-07,4.992303810018542e-07
1.7789517471598817e-09,3.132108907724868e-08,0.18521782840932843,3.4073162273735086e-06,3.371731691731285e-06,3.3739658701387295e-06,2.629320952605613e-06,2.6292840741972473e-06,2.6292895529724842e-06
1.3124795003864853e-09,5.477478618134946e-05,0.00023715633037378866,1.8985046428180841e-06,1.8595572232439162e-06,1.861148640871844e-06,0.0032954535907725306,0.0032985568050291204,0.003298283475759289
1.218070166943408e-09,2.992832179792992e-09,0.36454135124228015,1.5987407518468082e-06,1.55519599264391e-06,1.556080098169068e-06,1.7201842772924173e-07,1.7202126152587884e-07,1.7195699693466358e-07
4.379873541286592e-14,3.9877930632259805e-10,1.0,1.3389453796717013e-06,1.301561633810572e-06,1.3019971922630918e-06,2.14360892227787e-08,2.143604836121801e-08,2.143170684239608e-08
5.35788781713033e-14,8.369429183432618e-09,0.8109583108739251,2.168292144692233e-06,2.1542867693312623e-06,2.1389377546931363e-06,5.414868358688001e-07,5.44961761872936e-07,5.428657662431753e-07
7.116281415109672e-08,4.8559828026742144e-11,0.30330403189822186,4.196694473597872e-07,3.884779420105557e-07,3.842173081898931e-07,1.9489630631187756e-09,1.9557448082667115e-09,1.9564781051556055e-09
6.2188248952772286e-09,3.824300271741667e-09,0.008403918008386394,1.7756014475198608e-05,1.771459415568133e-05,1.771560691121206e-05,1.1418566208251276e-06,1.1418788141343105e-06,1.1415131914667248e-06
3.5404168730758387e-12,1.1358682173628365e-06,0.008247260202537793,4.996064849521265e-08,1.3484358317721812e-08,1.310181020927551e-08,3.9334371491612225e-05,3.933959476438531e-05,3.931340922286581e-05
3.5389837062481355e-12,3.9217934499189216e-07,0.008264005230790785,4.996064849521265e-08,1.4126470618565385e-08,1.47923663653108e-08,1.3653588662038676e-05,1.3653855809894283e-05,1.3649582779804077e-05
3.5373117151793388e-12,2.071504864704379e-08,0.008382569488146906,4.996064849521265e-08,1.0915909114346249e-08,1.0988615014230868e-08,7.173572239574641e-07,7.174521455389787e-07,7.169755903152702e-07
7.449870226286558e-10,4.708872688094168e-08,0.008393181163028162,4.996064849521265e-08,1.1558021415189822e-08,1.2026001746343846e-08,1.663878583310775e-06,1.6640342365764436e-06,1.6632350621296307e-06
7.432738987143396e-10,8.996064482312907e-09,0.00862840430492424,3.996851879617029e-08,0.0,0.0,3.165149129017599e-07,3.165442939541603e-07,3.1639028197858246e-07
7.454925221487283e-10,5.9371678095112285e-08,0.008658973716967494,6.99449078932978e-08,2.6326604334599628e-08,2.589624657199857e-08,2.1112776099777466e-06,2.111557833023417e-06,2.1101579836687184e-06
7.455158340092316e-10,9.249906101140445e-08,0.008385211975994138,4.996064849521265e-08,1.2842246016877816e-08,1.3370762325008426e-08,3.1835707758294683e-06,3.183632368656219e-06,3.1826386834402022e-06
3.523757978610864e-12,3.7333948417357984e-06,0.008265994050591599,3.996851879617029e-08,1.9263369025315664e-09,1.805821348492617e-09,0.00012924091240173357,0.00012925806106998006,0.00012917288211319235
3.5392347462504403e-12,1.0323719737568827e-06,0.008294060053095369,4.996064849521265e-08,1.2200133716033819e-08,1.2294953862076762e-08,3.5413299572770156e-05,3.5418000978679125e-05,3.539437920357382e-05
5.908739679900952e-10,5.26859395325408e-10,0.01380240941763754,1.5987407518468074e-07,1.752966581303827e-07,4.309765545966035e-07,1.9440331974725414e-08,1.9907164604590896e-08,2.187941325014873e-08
7.547146058660241e-16,4.2900050779205055e-06,0.012550649016572418,0.0,9.631684512658256e-09,1.780078788843776e-07,0.0,0.0,0.0
6.409656290802408e-10,1.4818289910862043e-08,0.008401317244031486,5.995277819425501e-08,1.926336902531651e-08,1.210284520798164e-08,2.8053118464552696e-08,2.8094722576671613e-08,2.7987407813059953e-08
3.15635545696872e-09,2.9215832377238114e-05,4.848269808134105e-05,7.87379820284553e-06,7.836980631799719e-06,7.836073578802057e-06,0.004353521058857803,0.004354415752976022,0.004351853376657592
3.1584428995172096e-09,3.935395009262795e-06,0.00038291039689485984,7.88379033254457e-06,7.84211753020647e-06,7.83903205207512e-06,0.0005866782486233097,0.000586755509637989,0.0005863674678072907
3.1584191785791585e-09,9.853034705097378e-06,0.0010779125163787307,7.88379033254457e-06,7.844043867109003e-06,7.842758959964563e-06,0.001469191039280876,0.0014693279562720968,0.0014686209128275845
3.1572568526146585e-09,5.690480970762549e-05,0.00038291039689485984,7.87379820284553e-06,7.83826485640141e-06,7.83518987899322e-06,0.008569984600347287,0.00856983236288049,0.008565431040561506
3.1560708057121074e-09,1.731290180402428e-05,6.951133821300704e-05,7.87379820284553e-06,7.836338519498875e-06,7.8351514572624e-06,0.002579634781232119,0.002579859013237627,0.0025786162116658282
3.1572568526146585e-09,0.0001334497842266568,0.00038271568726401116,7.87379820284553e-06,7.83826485640141e-06,7.83518987899322e-06,0.020097916050893998,0.020101415910837292,0.02008724978221199
3.1548847588095563e-09,1.3497055664088427e-06,0.0009049686406927079,7.87379820284553e-06,7.832485845693814e-06,7.831309284180503e-06,0.0002040243656697684,0.00020404272732571106,0.00020394464906225445
3.1603405745612916e-09,1.9488651705766203e-05,0.00010389149588858792,7.88379033254457e-06,7.844685979409847e-06,7.84514110727534e-06,0.0029345285044582677,0.00293502055966006,0.002933589830761258
3.1608149933223123e-09,7.843064413362433e-06,0.0019463591934565211,7.893782462243612e-06,7.85174921471913e-06,7.850520149589996e-06,0.0011816199731827645,0.0011817306902757547,0.001181161420021255
3.1572568526146585e-09,4.095720317432897e-05,0.00038271568726401116,7.87379820284553e-06,7.835696407198034e-06,7.839838908422319e-06,0.0061024499719809465,0.006102597403500767,0.006103028209455888
3.1568654571368166e-09,9.68471497244401e-07,0.0029965255874393037,7.88379033254457e-06,7.83890696870225e-06,7.839685221499042e-06,0.00014599649661219775,0.00014599988885553628,0.00014595387764663559
3.1572568526146585e-09,6.706913487655532e-06,0.0014260533363363121,7.88379033254457e-06,7.839549081003095e-06,7.839954173614777e-06,0.0010105408999312986,0.0010105612529801094,0.0010102447020073103
3.1572094107385562e-09,4.011183310430599e-06,4.756478125019685e-06,7.88379033254457e-06,7.83890696870225e-06,7.839685221499042e-06,0.0005978726664928876,0.000597883461031161,0.0005976976378263453
3.1627126683663942e-09,4.1136832823583155e-06,0.0014260533363363121,7.893782462243612e-06,7.858812450028415e-06,7.857512904599053e-06,0.0006142769757979784,0.000614333476134111,0.0006140389217093172
3.1577312713756788e-09,9.391202917172983e-07,0.00013853590234889215,7.88379033254457e-06,7.840833305604783e-06,7.841491042847536e-06,0.0001400021952103697,0.0001400042138675745,0.00013996100758857506
3.1560708057121074e-09,2.8520990854893833e-05,0.00038291039689485984,7.88379033254457e-06,7.842759642507315e-06,7.841567886309173e-06,0.004300653041719918,0.004300954540421749,0.004298972854096179
2.897571883301068e-09,6.469293177545742e-06,0.0005835169479921815,7.88379033254457e-06,7.843401754808159e-06,7.844142142274045e-06,0.0009646785813917073,0.000964696878729798,0.0009643947689990695
3.1572568526146585e-09,1.6594721371439975e-06,0.0010096389751046908,7.88379033254457e-06,7.840191193303939e-06,7.838993630344301e-06,0.00024735367809478184,0.00024737571316157746,0.0002472570461094113
3.1589173182782303e-09,4.2866759482701065e-06,0.000696100838115089,7.88379033254457e-06,7.845970204011535e-06,7.845217950736977e-06,0.0006393409914381615,0.0006394014387008099,0.000639092892077447
3.1568180152607143e-09,2.4316950394254835e-06,0.0007685467286216023,7.87379820284553e-06,7.836338519498875e-06,7.833768274952917e-06,0.0003657587777173699,0.0003658083373330596,0.0003655650633095065
3.1570196432341488e-09,1.6789060596398492e-05,0.0023154452065611195,7.88379033254457e-06,7.840191193303939e-06,7.83907047380594e-06,0.002502516524919263,0.0025027519063705985,0.0025015483504255776
3.1584428995172096e-09,2.000521720338307e-05,0.0003831051065257086,7.88379033254457e-06,7.844043867109003e-06,7.8428358034262e-06,0.0029978786146872202,0.0029991740147251884,0.002996708439497101
3.1584428995172096e-09,6.383580048240645e-06,0.0010431568472722271,7.88379033254457e-06,7.84211753020647e-06,7.83903205207512e-06,0.0009516471767079199,0.0009517726305948023,0.000951142659329591
3.153698711907005e-09,6.719998361786408e-06,0.0016869920573351993,7.863806073146486e-06,7.826706834986218e-06,7.823663359747523e-06,0.0010002947787216025,0.001000427680140447,0.0009997651741629856
1.889370739065748e-12,9.365224153323477e-07,0.00116982936997012,7.87379820284553e-06,7.837622744100563e-06,7.834997770339125e-06,0.00014109062747193307,0.00014110818790682026,0.0001410163155497063
3.158668248428694e-09,0.00016198331221954152,0.00025206552496449364,7.88379033254457e-06,7.844043867109003e-06,7.844526359582236e-06,0.024423900826942135,0.024423754945850307,0.024416705057102486
3.1589173182782303e-09,2.1269527282930557e-05,5.180666963654486e-05,7.88379033254457e-06,7.84532809171069e-06,7.84437267265896e-06,0.0032031529377206294,0.0032023266224314277,0.003201913072539074
3.1599847604905266e-09,2.9166572007107705e-06,0.00038271568726401116,7.88379033254457e-06,7.846612316312379e-06,7.84402687708159e-06,0.0004350197901551047,0.00043507803043963186,0.0004347884687053482
1.2156783081314965e-13,1.0528042079942553e-05,0.0012133469724648176,7.893782462243612e-06,7.853033439320819e-06,7.853747574978793e-06,0.0015808142662691509,0.001580842699539056,0.0015803108699502216
3.1560708057121074e-09,1.1735799270939906e-06,0.0035107954460032015,7.87379820284553e-06,7.834412182596343e-06,7.831347705911323e-06,0.00017678227923384105,0.00017680691258993643,0.00017668892253885533
3.1573856573082754e-09,5.843482673268127e-06,0.0007407032514102298,7.88379033254457e-06,7.840191193303939e-06,7.83941626938331e-06,0.0008710395480727494,0.0008711210453354254,0.0008707010105166328
3.1572568526146585e-09,1.832747916438466e-05,0.0014266513730596332,7.88379033254457e-06,7.839549081003095e-06,7.839954173614777e-06,0.0027318331090901214,0.0027318679519538207,0.0027310122749619192
3.1573398758978373e-09,2.846081288236082e-05,0.00038231236017153864,7.87379820284553e-06,7.83826485640141e-06,7.835458831108953e-06,0.004241379301026381,0.004242147206612048,0.004239132095845668
3.1592968532870465e-09,1.9657770003098444e-05,0.00024156511272943558,7.88379033254457e-06,7.844685979409847e-06,7.841798416694087e-06,0.002931325642680441,0.0029323474990323463,0.0029297667378293413
3.1572568526146585e-09,2.1569316752827567e-05,0.00038271568726401116,7.88379033254457e-06,7.839549081003095e-06,7.839954173614777e-06,0.0032499895917703996,0.003250441713730274,0.003249021380343391
1.214492261228945e-13,4.773161450025933e-06,0.001218631948159284,7.88379033254457e-06,7.844043867109003e-06,7.843027912080293e-06,0.0007117464654207866,0.0007118119780449456,0.0007114710286964886
3.157098989771929e-09,5.419997435710322e-06,0.0005217522715208001,7.88379033254457e-06,7.84532809171069e-06,7.8458711201609e-06,0.000808345858125821,0.0008083629279179637,0.0008081084568098991
1.214492261228945e-13,4.607496449740431e-06,0.001218631948159284,7.88379033254457e-06,7.844043867109003e-06,7.843027912080293e-06,0.0006870434580581329,0.0006871075517236157,0.0006867768224060173
2.8991730466195124e-09,7.402000224771441e-06,0.001851591234556275,7.893782462243612e-06,7.849180765515755e-06,7.849790136704436e-06,0.001104370524323841,0.001104391027134115,0.0011040455902373164
3.1584428995172096e-09,2.1100284743585282e-05,0.0019495023632116514,7.88379033254457e-06,7.844043867109003e-06,7.8428358034262e-06,0.0031462917422623374,0.0031461923492494405,0.003145078343026331
3.1548847588095563e-09,7.067680446244843e-06,0.00038271568726401116,7.87379820284553e-06,7.830559508791282e-06,7.827505532829422e-06,0.0010643617892458909,0.0010645036164473713,0.001063796784180353
2.895994440920675e-09,5.278425313194243e-07,0.0003214377848697516,7.87379820284553e-06,7.839549081003095e-06,7.836457796110247e-06,7.866943034976495e-05,7.867986201736334e-05,7.862842762937392e-05
2.90628932803482e-09,1.2089948862479654e-06,0.002768006019976735,7.913766721641699e-06,7.871654696045291e-06,7.875724805007254e-06,0.0001807669720503169,0.00018077640762209122,0.00018078383721833587
1.2168643550340476e-13,7.052210398925709e-06,0.006638138089711323,7.903774591942656e-06,7.864591460736007e-06,7.861547186335047e-06,0.001053639065565411,0.0010537792972089841,0.0010530806115205018
1.2173387737950682e-13,2.923244518000434e-07,0.0014901128048855539,7.903774591942656e-06,7.867802022240227e-06,7.867003072111345e-06,4.36918919774897e-05,4.369599393791665e-05,4.367534879554167e-05
1.213306214326394e-13,3.5624175390931357e-06,0.0025741725824667953,7.87379820284553e-06,7.833770070295499e-06,7.833038262067357e-06,0.0005306885227378393,0.0005307388511236211,0.0005304825154595655
3.1560708057121074e-09,2.2522191061826615e-07,0.01544635673872439,7.87379820284553e-06,7.837622744100563e-06,7.834690396492574e-06,3.356114949580095e-05,3.356560471346171e-05,3.3542793417225344e-05
3.161016621295746e-09,1.0419675238524558e-06,4.742570294244788e-06,7.893782462243612e-06,7.85174921471913e-06,7.852133862284395e-06,0.0001554960598584079,0.00015549994632643068,0.00015545005034536065
3.1584428995172096e-09,5.161339855378494e-06,0.0019487096168574812,7.88379033254457e-06,7.844043867109003e-06,7.8428358034262e-06,0.000769615772022551,0.0007696890867562021,0.0007693178944810442
3.1548847588095563e-09,7.459351173605802e-05,0.0035149121639125756,7.87379820284553e-06,7.832485845693814e-06,7.831309284180503e-06,0.011110228350631031,0.011111913019836198,0.01110592186393647
2.4871403526732172e-09,2.0044203032845267e-06,0.0018567927632660922,7.923758851340739e-06,7.8864232789647e-06,7.890248219256834e-06,0.00030015485109140754,0.00030014994913452856,0.0003001503602824749
1.8953009735785042e-12,1.4584415902644655e-06,0.0007302306548367214,7.913766721641699e-06,7.870370471443603e-06,7.885330237712002e-06,0.00021984205212222704,0.00021980576584733862,0.00022004768917824368
2.9022567685661454e-09,9.692100065348736e-07,0.0015669257542553893,7.893782462243612e-06,7.85688611312588e-06,7.861470342873408e-06,0.0001447136464811596,0.00014472216587548914,0.00014472748187968458
3.1572568526146585e-09,1.1970905781425468e-06,0.0005217105480284752,7.87379820284553e-06,7.83826485640141e-06,7.83518987899322e-06,0.00018030779813907766,0.00018033267955789073,0.00018021141259699495
3.1584428983311625e-09,9.633805665324154e-06,0.0005221277829517226,7.88379033254457e-06,7.844043867109003e-06,7.8428358034262e-06,0.0014365124485397525,0.0014366471170376694,0.0014359559335276595
2.486903143292707e-09,1.301090612423183e-06,0.00039334126997604343,7.933750981039782e-06,7.888349615867232e-06,7.889287675986357e-06,0.00019486983798780593,0.00019487412937265315,0.00019481303729555654
3.155406619446679e-09,4.0834672931513413e-07,0.0009463722529096189,7.87379820284553e-06,7.836980631799719e-06,7.834267757453564e-06,6.0846752424387065e-05,6.085483254669934e-05,6.0814509455187046e-05
3.1548847588095563e-09,2.2981781269495006e-06,0.0009049686406927079,7.87379820284553e-06,7.830559508791282e-06,7.827505532829422e-06,0.00034632081756577995,0.00034636716738769803,0.00034613780311595384
3.1567824338536382e-09,1.750351569649998e-05,0.0027841251958448574,7.87379820284553e-06,7.837622744100563e-06,7.838417304382016e-06,0.0026085853240550676,0.0026086558953799864,0.0026078386484804264
3.147768477394249e-09,8.856461406857063e-07,0.005596705813455184,7.853813943447443e-06,7.809369802863434e-06,7.808294667419927e-06,0.00013352422008448234,0.00013353673565963937,0.0001334724625790741
1.214492261228945e-13,7.980020798473754e-07,0.0025741725824667953,7.88379033254457e-06,7.844685979409847e-06,7.841567886309173e-06,0.00011899350172820479,0.00011900929000950554,0.00011892999908439413
1.1125119945732807e-07,1.2086444942794758e-06,0.0013447481576261801,7.913766721641699e-06,7.870370471443603e-06,7.870883666924062e-06,0.00018069987833541258,0.00018070423498514295,0.00018064632739309754
1.50746541547277e-11,1.9283924657114345e-06,0.0020489294454214928,7.87379820284553e-06,7.83826485640141e-06,7.835689361493867e-06,0.000283498805169701,0.0002835368773332881,0.00028334857838010027
3.1584428995172096e-09,8.562346316895853e-07,0.0009057613870468779,7.88379033254457e-06,7.844043867109003e-06,7.8428358034262e-06,0.00012767454660994653,0.00012768648853512835,0.00012762509710353317
3.1584428995172096e-09,7.365874797116993e-08,0.01421615347536038,7.88379033254457e-06,7.84211753020647e-06,7.83903205207512e-06,1.1099686994030916e-05,1.1101160429185925e-05,1.1093802782604361e-05
3.1560708057121074e-09,1.832899278250799e-07,0.008705690120540422,7.87379820284553e-06,7.834412182596343e-06,7.831347705911323e-06,2.759682563234511e-05,2.7600490827656585e-05,2.7582190199552124e-05
3.158561504207465e-09,3.806434131244687e-07,0.0008016890893582161,7.88379033254457e-06,7.84532809171069e-06,7.844218985735683e-06,5.7325101910648354e-05,5.733046893557454e-05,5.730321205724122e-05
3.1572568526146585e-09,1.173604007055771e-06,0.0019487096168574812,7.88379033254457e-06,7.840191193303939e-06,7.840953138616069e-06,0.00017721949066431807,0.00017722391004785972,0.00017716700902427692
3.159628946419761e-09,1.7936307936815012e-06,0.0003832998161565574,7.88379033254457e-06,7.847896540914067e-06,7.846677976508099e-06,0.0002693139542898212,0.0002693402523395007,0.00026920905065239766
3.1584428995172096e-09,1.6554542112792507e-05,0.004548486515780889,7.88379033254457e-06,7.84211753020647e-06,7.83903205207512e-06,0.0024961939925786194,0.0024965316942899087,0.002494877524950063
3.1501405711993514e-09,1.0081809509815523e-05,0.005083061807276157,7.853813943447443e-06,7.817717262774402e-06,7.816939556854201e-06,0.0014995052525002437,0.0014996458099116256,0.001498924240826614
1.2156783081314965e-13,2.5843575469169693e-07,0.003931034460697924,7.893782462243612e-06,7.853033439320819e-06,7.853978105363707e-06,3.857408323404511e-05,3.857483746491768e-05,3.856350098988011e-05
3.1525126650044536e-09,3.4141121109008515e-06,0.0035162751313285168,7.87379820284553e-06,7.831201621092123e-06,7.830041367063476e-06,0.0005084456875810236,0.000508493640579788,0.0005082490954602775
4.858048112849613e-05,1.8579357690733177e-07,0.0012199670999136754,7.923758851340739e-06,7.881286380557948e-06,7.880258569243894e-06,2.7805279523616143e-05,2.7807882909518374e-05,2.7794498973914255e-05
4.932176042282564e-09,1.0345272828684493e-07,0.0030058021105661696,7.903774591942656e-06,7.862023011532631e-06,7.859011352100995e-06,1.5452554595252965e-05,1.5454605870723645e-05,1.5444357820911654e-05
1.2180504019365987e-13,3.378821684351487e-07,0.0025741725824667953,7.913766721641699e-06,7.87293892064698e-06,7.876839035201004e-06,5.053066740286879e-05,5.052994341179007e-05,5.053005368852606e-05
5.342785479945797e-09,1.0345272828684493e-07,0.00406510594936807,7.903774591942656e-06,7.860738786930943e-06,7.85805080883052e-06,1.5451093757517417e-05,1.5453146379620914e-05,1.544290277508646e-05
1.8953009735785042e-12,1.3265173915879316e-07,0.0050889587275247195,7.913766721641699e-06,7.86972835914276e-06,7.868578363074923e-06,1.982961586562378e-05,1.9831472669481392e-05,1.9821919149315174e-05
3.166152204383793e-09,1.0345272828684493e-07,0.004038541992587989,7.913766721641699e-06,7.871654696045291e-06,7.868655206536562e-06,1.546710307493365e-05,1.5469158012780917e-05,1.545890827916362e-05
1.2155597034412412e-13,4.6285799844854534e-07,0.0017619135417196467,7.893782462243612e-06,7.853033439320819e-06,7.852018597091939e-06,6.979667131303619e-05,6.98032237652462e-05,6.97702365616964e-05
3.172438252967314e-09,9.538147559277048e-08,0.0068722764208069545,7.933750981039782e-06,7.888349615867232e-06,7.889018723870624e-06,1.4285311968063471e-05,1.4285590920284369e-05,1.4281120636482884e-05
1.214492261228945e-13,3.958933279103163e-07,0.003931034460697924,7.88379033254457e-06,7.844685979409847e-06,7.841567886309173e-06,5.9033350319632354e-05,5.9041174276098746e-05,5.900129850378879e-05
1.2180504019365987e-13,3.6374967461434235e-07,0.006638138089711323,7.913766721641699e-06,7.874223145248667e-06,7.872996862119105e-06,5.46502131788734e-05,5.465532064751062e-05,5.462976522237537e-05
4.2923037383561786e-09,1.0345272828684493e-07,0.01383007209304884,7.903774591942656e-06,7.86651779763854e-06,7.863353007683539e-06,1.5459115886380684e-05,1.5461168234564683e-05,1.545091352188232e-05
3.159510341729506e-09,1.5682983747072893e-07,0.0013756374497772583,7.88379033254457e-06,7.847896540914067e-06,7.847139037277927e-06,2.3394940519373716e-05,2.3397129721183105e-05,2.338587001871562e-05
3.1620010402248634e-09,3.797442681923592e-06,0.005071323598102132,7.893782462243612e-06,7.855601888524195e-06,7.854362322671895e-06,0.0005729744509442165,0.0005730293433146793,0.0005727523961572412
3.1548847588095563e-09,2.4952065056284807e-06,0.010270501884518024,7.87379820284553e-06,7.832485845693814e-06,7.831309284180503e-06,0.00037588593548960387,0.0003759205256877005,0.00037574079037714183
1.2144922493684762e-13,1.0443750465622471e-06,0.01091069324291797,7.88379033254457e-06,7.844043867109003e-06,7.843027912080293e-06,0.00015573119982762931,0.00015574586790418035,0.00015567070564632445
1.214492261228945e-13,4.517749318165595e-07,0.005287896338929052,7.88379033254457e-06,7.844043867109003e-06,7.843027912080293e-06,6.736607358413361e-05,6.737238787243405e-05,6.733983034818198e-05
1.1694422457178365e-08,1.0486617404529223e-05,0.013922962494794473,7.88379033254457e-06,7.844043867109003e-06,7.843027912080293e-06,0.0015418124360620556,0.0015419576865877051,0.001541214907893221
3.1572568526146585e-09,1.4614422448612614e-05,0.0035149121639125756,7.88379033254457e-06,7.839549081003095e-06,7.839954173614777e-06,0.0022001164583634616,0.0022001400588283885,0.0021994504570371923
3.159628946419761e-09,4.022124861640887e-08,0.005633325131885526,7.88379033254457e-06,7.845970204011535e-06,7.842874225157019e-06,5.998319330408449e-06,5.999116339675108e-06,5.9951463264569405e-06
3.1572568526146585e-09,5.5766106505910676e-08,0.00299167175449886,7.87379820284553e-06,7.83826485640141e-06,7.83518987899322e-06,8.310332141877195e-06,8.311436743436313e-06,8.305918992014017e-06
1.0670863980276659e-08,6.846312357837198e-06,0.012481541005451884,7.88379033254457e-06,7.844043867109003e-06,7.843027912080293e-06,0.0009184883230825524,0.0009185732175985986,0.0009181323065151141
2.890040485469868e-09,1.5975091230342082e-08,0.006391009844671921,7.853813943447443e-06,7.817075150473558e-06,7.817554304547305e-06,2.3759492126589804e-06,2.3759954611657916e-06,2.3752481456019776e-06
8.30375157413965e-06,1.4711485546748749e-08,0.013368735438414256,7.88379033254457e-06,7.844043867109003e-06,7.843027912080293e-06,0.0015358479587108081,0.0015359914152666483,0.0015352524179128295
3.1714894154452736e-09,2.594063156728093e-07,0.0019370131311757808,7.903774591942656e-06,7.86651779763854e-06,7.876723770008548e-06,3.9161283017753445e-05,3.9158310465674396e-05,3.918229520345253e-05
6.02820198493015e-09,6.684685940491409e-06,0.01946271574122639,7.87379820284553e-06,7.836980631799719e-06,7.835727783224687e-06,0.000996071951052165,0.0009961641484392437,0.0009956862489980678
1.897673067383607e-12,1.9921246691821087e-07,0.008552843060324146,7.923758851340739e-06,7.8864232789647e-06,7.886905528675581e-06,2.983073229182278e-05,2.9831245459423735e-05,2.9821233902781402e-05
3.1591545276587405e-09,2.0405982321025916e-07,0.0007482552035210067,7.88379033254457e-06,7.845970204011535e-06,7.84514110727534e-06,3.043453912182718e-05,3.0437388687364087e-05,3.0422743451111652e-05
1.985845770817418e-05,6.535529372772234e-07,7.83010872627512e-06,0.0642242637586505,0.06421250146674501,0.06426026207277322,0.6122873424530083,0.6121709796462781,0.6124279147873227
1.98520530549004e-05,6.31108547200808e-08,8.262642263374845e-05,0.06430827758516004,0.06431299204182708,0.06430252597667412,0.05923214507667514,0.059253734924959514,0.05922393553385203
1.9810897227381874e-05,1.8074711039853853e-07,7.857924387824942e-06,0.064174113259691,0.06417408388778553,0.06417458161304687,0.16904454888786044,0.1690497002082988,0.16899766446066714
1.981587862437259e-05,8.362431426567916e-08,2.4491689994618943e-05,0.06407766922383583,0.06413651518128775,0.06415191279186368,0.07832452892111985,0.07840621432252802,0.07839898352050016
1.981516699623106e-05,3.3175105031098856e-08,7.857924387824942e-06,0.06418794236719447,0.064187915628858,0.06418841343614172,0.031034357962730463,0.03103423387818623,0.031025246576541363
7.621537376027178e-10,3.48230890238949e-09,0.0005033383035748174,0.06420707729556813,0.06420704993331085,0.0642076243015512,0.0032585582869162724,0.003258460895613415,0.003257614145469329
1.9818487927558202e-05,1.3908602031322016e-07,7.857924387824942e-06,0.06419954322977504,0.0642042702291605,0.06419379247845637,0.13048542073143288,0.13050683901729526,0.13044307538772693
7.621537376027178e-10,3.605004565401798e-08,7.688248852371005e-05,0.06420707729556813,0.06420704993331085,0.0642076243015512,0.03372006155245653,0.033720659809038475,0.033710140304882584
1.9826553046495552e-05,1.0393225140763432e-07,7.844016557050017e-06,0.0641969352839236,0.06419675494679142,0.06419571356499733,0.09750010398057304,0.09749186720440367,0.09746001987251118
1.9826434441805297e-05,1.584393481961873e-08,0.00015172052592350816,0.06422528295587979,0.06422527950153181,0.06422568251503613,0.014830165125342435,0.014830140352985922,0.014825813672011532
1.8182217620798535e-05,1.3552933698341431e-08,8.595039418895226e-06,0.06420388980619414,0.06420386505629867,0.06420455056308569,0.012681544019711083,0.012680999608304126,0.012677807868895847
1.9788955359684677e-05,3.9985052855924766e-07,6.621518231935306e-05,0.06410386858790673,0.06410384386530851,0.06410426984564813,0.37523397528636254,0.37523890478762095,0.37512164022563976
1.9826908860566318e-05,1.087764461133625e-07,7.844016557050017e-06,0.06419808437883899,0.06419790753837144,0.06419686621692189,0.10178445155350944,0.10177411033000097,0.10174093897594692
1.9811371646142894e-05,4.17738417146502e-08,7.857924387824942e-06,0.06420145172654758,0.06420126899626635,0.0642003241726956,0.03920069879721477,0.03920043409585151,0.03918821994684309
1.8186843203718486e-05,5.999123467029876e-09,0.0010759515122394682,0.06420015274968668,0.06420260651618902,0.06422568251503613,0.0056130776496935994,0.005613427308629165,0.005613616350869617
1.9813506530567488e-05,3.31789727297945e-07,3.283638845956574e-05,0.0641834059403111,0.06418813202070339,0.0641776553515124,0.31034482757975307,0.3103877808986594,0.31023752045824166
7.62355128366771e-10,2.4222538871250577e-10,0.00042595513314321054,0.0642240439317971,0.06422649951490342,0.0642495039881439,0.00022672238155950285,0.00022673433899437248,0.00022674409787705837
1.9817894904106927e-05,9.587124522451271e-08,4.115327126296274e-05,0.06420282064831634,0.06420754628611941,0.06419725043423008,0.08972172537728075,0.08971326077775686,0.08967080780091594
1.982121583543407e-05,1.5195106352475766e-08,0.0009432986223083636,0.0641825066486382,0.06418495356481421,0.0642080085188594,0.014213385457269613,0.014215336408611777,0.014214750388730128
1.982726467463708e-05,3.378689967246195e-07,0.00013276415257730396,0.06422797083876883,0.0642327280042216,0.06422222455926242,0.31625140384535466,0.316292571825279,0.3161412665610817
1.9813743739947997e-05,2.8567634854881893e-08,7.857924387824942e-06,0.06418417533429793,0.0641889006291275,0.06417842378612877,0.02672264048005628,0.026725260146311783,0.026712274892213447
1.98202247746423e-05,6.326944750522216e-08,0.0005207787233665563,0.06420516879879562,0.06420514093344044,0.06420570321501026,0.059190549469170906,0.059202946773032956,0.05918525210127074
1.1857692324804977e-08,7.2925558822284185e-09,0.008242879235843697,0.06423910207125356,0.0642388922823097,0.06423797746889821,0.006826587903022206,0.006826996833611173,0.00682439675789881
1.981540420561157e-05,1.0236410691146869e-07,0.0001243777306200324,0.06418955110007601,0.06418952476228391,0.06418995030537447,0.09608585332542899,0.0960724720110877,0.0960416523947702
7.620351329124627e-10,1.2544647140959811e-08,7.691030418525987e-05,0.0641970851658691,0.06420181350749747,0.06419148717460722,0.011740318613105212,0.011742755327976626,0.011735772826828923
1.9824536766761215e-05,3.2728499686967335e-09,1.856695408450671e-05,0.06421987721371261,0.06421969312451448,0.06421876660348871,0.0030631837184688718,0.0030633274697903167,0.003062206287999858
1.9830111187203204e-05,2.7584610262823927e-08,8.270986961839789e-05,0.06423089853277064,0.06422868269672627,0.0642495039881439,0.02588881493202635,0.025888592169837403,0.02588848870614274
1.9813625135257743e-05,9.63101951413437e-10,0.0006676732320111702,0.06417750059165897,0.06417731692322028,0.06417650269958783,0.000900807735752409,0.0009008240950305797,0.0009005214551758721
1.9827027465256572e-05,9.65297087013544e-08,3.2808572798015916e-05,0.06419847407189726,0.06419829152152734,0.06419725043423008,0.09059523313486972,0.0905793324211361,0.09054939804814995
1.9806508853842434e-05,4.2128883592342957e-08,6.033216990156552e-05,0.064166809012881,0.06417153149138967,0.06416113400726023,0.03939740442510231,0.03940091364293004,0.03938211199833203
1.9827146069946827e-05,1.5358572448708785e-07,0.0009833392671093335,0.06419885377282582,0.06419867550468324,0.06419763465153827,0.1440455887778141,0.14405123721792049,0.14400416323871015
7.619165282222077e-10,4.5008183628319766e-08,7.691030418525987e-05,0.06418709303617005,0.06419182031375943,0.06418149752459429,0.04209475478492956,0.04210605099817628,0.042086986224070665
1.9809236761718303e-05,5.1590300928760996e-08,7.857924387824942e-06,0.06417476274812144,0.06417949432603244,0.06416920257073222,0.04825090469555661,0.048256763502545444,0.04823263609377679
1.5540772564126706e-05,6.933298534981406e-10,0.0015431433636302909,0.06422209546650579,0.06422194051756742,0.06422107190733785,0.0006489353094782662,0.0006489469382023753,0.0006487281735528666
1.9816471647823866e-05,6.209555722518323e-09,0.00013857762584121685,0.06419300837695188,0.06419298253702396,0.06419340826114818,0.005809325725898589,0.005808560734452263,0.005807613933154668
1.9811015832072128e-05,2.5069413511319165e-08,7.844016557050017e-06,0.06417533229951428,0.06418006259541868,0.06416958678804041,0.02351844764278991,0.023520260453683085,0.023509328886801444
7.62224900416871e-10,1.2060130362330517e-09,4.282221095595212e-05,0.06421307257338756,0.06421783099884203,0.0642076243015512,0.0011286324102689122,0.001128737263331331,0.0011281945540812033
1.98277390933981e-05,1.815140506390046e-07,1.6160899360447017e-05,0.06420077226172803,0.06420059542046276,0.06419955573807921,0.16983486543044096,0.1698382530934743,0.16978108831512748
1.9839955376494378e-05,2.3445052560925537e-09,0.00010181922910312613,0.06426908845248039,0.06426907156044936,0.06426948328816978,0.002195998493220542,0.0021960342377042204,0.002195344349697518
1.981765769472642e-05,2.6880546311102753e-07,7.857924387824942e-06,0.064196855346886,0.06420158042073226,0.06419110295729905,0.2514870429612579,0.2515189666945211,0.25139721174334906
1.9808999552337795e-05,2.380747865716047e-09,0.0006461995412947069,0.06420892583956245,0.06420890563786029,0.06420954538809216,0.0022278607285687877,0.0022278944473259395,0.002227195462706207
7.619165282222077e-10,3.1714833434379354e-09,7.688248852371005e-05,0.06418709303617005,0.06418706547217169,0.06418764500152534,0.0029668066958815553,0.0029670972871926244,0.0029659206292068246
1.9818725136938714e-05,3.6522334289650356e-08,5.7800944700531665e-05,0.06420031262376187,0.06420028271177226,0.06420070839000379,0.034172164210420075,0.03417240705512208,0.03416214469414966
1.9815997229062845e-05,9.050937376714151e-08,7.857924387824942e-06,0.06418517454726784,0.06418500043901217,0.06418418704575161,0.08493823051429351,0.08494184755728795,0.08491255052134014
1.9815048391540804e-05,2.5378881564749745e-08,0.0004430478571655766,0.06418840200516061,0.0641883721707039,0.0641887976534499,0.02374140009901262,0.02374212448578332,0.023734413283299092
1.9824835602782966e-05,7.523942367533557e-08,0.000431073214868378,0.06422010703269569,0.06422483002292122,0.06421454021309862,0.07042136349531486,0.07042712834880269,0.07039229006658179
1.98103042039306e-05,3.830689443992241e-08,0.00016007913221922988,0.06417303410968349,0.06417775741225865,0.06416728148419128,0.03593344701897198,0.03593662706941311,0.03591951066698659
1.8185419947435424e-05,7.875875744301695e-09,0.0001264917208978189,0.06419716510290668,0.0641949872116272,0.0642156928650232,0.007368703455624925,0.00736962814103705,0.007368620672405655
7.621537376027178e-10,4.912869212977307e-09,7.688248852371005e-05,0.06420707729556813,0.06421179514321408,0.06420147682462017,0.004595316325279933,0.004594991209470253,0.004593533290319756
1.982904374499091e-05,2.8264256007771954e-08,7.844016557050017e-06,0.06420499893259073,0.06420481987729003,0.0642037821284693,0.02644744394080825,0.02644726184102956,0.02643901089043579
1.9826078627734528e-05,7.687416196456444e-08,0.0001599678695730306,0.06419539649594995,0.0641952190141678,0.06419417669576456,0.07212678340298857,0.07212719490802859,0.0721032096975173
7.620944352575904e-10,8.184404812808841e-10,0.00014181815041177122,0.06420208123071862,0.06420190211899499,0.06420109260731198,0.0007652593392618098,0.0007652731905992191,0.0007650151161122499
1.9826078627734528e-05,7.332467590767482e-08,7.844016557050017e-06,0.06419539649594995,0.0641952190141678,0.06419417669576456,0.06879913480264961,0.06879388830526963,0.0687707550199541
1.981884374162897e-05,1.1903638432683438e-07,7.857924387824942e-06,0.06420069232469044,0.06420066733704045,0.06420109260731198,0.11139303688698815,0.11137841716537622,0.11134453882721222
1.9817183275965395e-05,1.10999307261492e-07,7.857924387824942e-06,0.06419531655891236,0.06420004384599634,0.06418956608806628,0.10386423192872128,0.10385909761961765,0.1038083368392982
1.9806034435081417e-05,2.328458952822812e-07,0.00013277806040807886,0.06416527022490734,0.06416524135929061,0.0641657446149585,0.21850172621039807,0.21852537936665123,0.2184562885990058
1.980081582871019e-05,1.9914441174746163e-08,0.0003267783918873175,0.06418239673521149,0.06418712583072797,0.06417688691689602,0.018627802494871757,0.018628559504967057,0.018620558793559925
1.9814917926381525e-05,3.5433618754777587e-09,0.00044993223339915775,0.06418713300468884,0.06418710913580815,0.06418764500152534,0.0033146707614394883,0.003314595168795402,0.0033136989667490865
1.981398094932851e-05,4.715367623058897e-09,7.857924387824942e-06,0.06417864968657436,0.06417846951480029,0.0641776553515124,0.00442377603993246,0.004423915329296578,0.004422378328538829
7.62248621354922e-10,3.5951982794716585e-10,0.0002715503958801445,0.06421507099932737,0.06421487728225814,0.06421377177848224,0.0003364626585872758,0.0003364688238832743,0.0003363554181065583
1.9809473971098815e-05,8.20709345267884e-09,7.857924387824942e-06,0.06417641144952177,0.0641811387756349,0.06417073943996497,0.007697724710983438,0.007698414598245832,0.007694746009327251
7.62296063231024e-10,3.1899807968908567e-10,0.00156916491501015,0.06421906785120698,0.06421616150685983,0.06426218315931417,0.0002983646593356402,0.0002983563254533327,0.00029847465915631494
1.9817539090036165e-05,4.756708232840531e-08,7.857924387824942e-06,0.06422143598594565,0.0642212341940365,0.06422030347272147,0.044673682450192244,0.04466684307952598,0.044650561109619645
1.981635304313361e-05,1.0848060267364838e-07,7.857924387824942e-06,0.06419262867602332,0.06419259855386807,0.06419302404383999,0.10182604716101368,0.10183291766381068,0.10180052070406152
7.621807794720961e-10,9.812017241204554e-09,0.00013874451981051584,0.06420935550113951,0.06421410674749713,0.0642037821284693,0.009181939177949619,0.009181963246626923,0.009178363498095279
1.9830111187203204e-05,1.8352067270202098e-10,0.0004427975162116282,0.06420845620946661,0.06420827636780546,0.06420724008424301,0.00017173319641693925,0.00017173611657916356,0.00017167780867493812
1.9808406528886516e-05,1.8182172713761227e-07,0.0008009936978194706,0.06416687895778887,0.06417160918697808,0.06416113400726023,0.17004284346796214,0.17004942488306368,0.16996729420696619
1.98277390933981e-05,4.43451576206528e-08,3.2808572798015916e-05,0.06420077226172803,0.06419859203008413,0.0642191508207969,0.04176198992489566,0.04175053393469036,0.04174970180493583
1.982145304481458e-05,1.5915083731298635e-10,0.0011092051356222812,0.06423411599853374,0.06423407644005337,0.0642345195131245,0.0001489881358951175,0.00014899104369794789,0.00014894391686984083
1.8180438550444707e-05,0.0,0.011094610397085397,0.06420364999508135,0.06420837653732439,0.06419801886884646,0.00042751798074610806,0.00042755871089387326,0.00042735174548228535
7.622842027619984e-10,5.6073314545000924e-09,0.004956876058655387,0.06421806863823708,0.06421802363253228,0.06421838238618052,0.005247951407021409,0.0052472180026323905,0.005246418747891084
1.9830585605964225e-05,5.557582481978789e-10,0.0008671115253233991,0.064229359744797,0.06422919638656695,0.06422837203619346,0.0005214070452617739,0.0005214152156541559,0.0005212405760423857
1.980959257578907e-05,1.1411021866626936e-08,0.00010190267608777562,0.06417072592772301,0.06417545158698633,0.06416497618034213,0.010671810647536374,0.010673531076891155,0.010667682847756328
1.985525538153729e-05,1.3776755703185707e-08,7.428172416880163e-05,0.0642418998675693,0.06423548908711522,0.0642986838035922,0.012917682283512633,0.01291622894354293,0.012925231216188894
1.980911815702805e-05,2.3369647697100552e-08,1.8733848053805645e-05,0.06420931553262071,0.06421404253626704,0.0642037821284693,0.02186893223160189,0.021870982046383748,0.021860435780757154
1.8183640877081596e-05,2.9116187238787373e-10,0.0001869629691071336,0.06421496108590068,0.06421969312451448,0.06420954538809216,0.000272488239885292,0.00027251317530459685,0.0002723829692930728
1.982928095437142e-05,1.1284532789087392e-09,1.6174807191221942e-05,0.06422686171237224,0.06423157220208008,0.06422145612464604,0.0010562757695294972,0.001056374839078494,0.0010558659849573058
1.9826315837115043e-05,7.05131292773936e-09,6.609001184237884e-05,0.06419616588993678,0.06419598698047961,0.06419494513038093,0.006597146532028835,0.006597113619627798,0.006595046358915862
4.674803846638664e-10,1.0155573916675081e-08,0.0026501371541593614,0.06418709303617005,0.06419182031375943,0.06418149752459429,0.0003744473514040699,0.0003744824190699905,0.0003743017340665083
1.98219274635756e-05,2.1265151072657014e-08,0.0004432703824579752,0.06421068445438949,0.06421063934107256,0.06421108225732491,0.019945967296681022,0.0199463783944299,0.019940098279692432
1.9820622811982797e-05,9.344703256724925e-10,0.0007669612359132624,0.06417773041064204,0.06417755257843469,0.06417650269958783,0.0008740312289512766,0.0008740453736621441,0.0008737534088466321
1.984019258587489e-05,2.014833590778399e-10,7.844016557050017e-06,0.06427058727193524,0.06427041999628114,0.06426948328816978,0.00018911437856426717,0.00018911635678055787,0.0001890536141501099
1.9825248394902744e-05,5.321652905334125e-10,5.19735636058438e-05,0.06422752119293237,0.06422746268335468,0.06422798781888527,0.0004981323478696007,0.0004981408767686529,0.0004979854260625478
1.9820148393221773e-05,9.922646703933159e-10,0.0008176413712570394,0.06421099421041015,0.06421096039722299,0.0642114664746331,0.0009315641518751543,0.000931583003673681,0.0009312900780486733
1.9845292587555862e-05,6.96815250836728e-09,7.649306926201254e-05,0.06418404543661184,0.06417767329554724,0.06424105120736373,0.006527640271889256,0.006527614043307242,0.006531464054257703
1.1848724934235484e-08,1.0327984293916728e-09,0.00824300440632067,0.06421706942526717,0.06421686783039075,0.06421607708233139,0.0009654587902016643,0.0009654747393724628,0.0009651510730378804
1.8196331578938893e-05,2.4716367072885847e-09,0.0008578767256888581,0.06425373054913296,0.0642537250764592,0.06425411459584218,0.0023145043790001128,0.0023145604189976723,0.002313834647363627
1.9818250718177694e-05,2.2310996051725417e-09,7.844016557050017e-06,0.06419247879407783,0.06419229997164816,0.06419148717460722,0.002087267575204467,0.002087312842793222,0.002086612452768961
1.5543381867312318e-05,8.199672771133093e-10,8.443444063448694e-05,0.06423129821795862,0.06423125114592966,0.06423182999196717,0.000767574010032598,0.0007675880611028191,0.0007673479862869325
1.9830585605964225e-05,2.498754707163661e-07,7.844016557050017e-06,0.06420999499744025,0.06420980459508148,0.06420877695347578,0.23434965266951233,0.23436860970711018,0.2342909255256444
1.981587862437259e-05,1.681218340325822e-09,4.1167179093737664e-05,0.06419025054915493,0.06419022081201804,0.06419071873999085,0.0015727882274187783,0.0015728181715346594,0.0015723257063776617
1.8200482743097824e-05,3.0159771711872124e-09,0.005421439330029751,0.06426838900340145,0.06426836523691842,0.0642687148535534,0.002824882483077099,0.0028254250739237993,0.0028240664528618523
1.9829162349681163e-05,8.86835018672505e-08,9.935754305596682e-05,0.0642053786335193,0.06420520386044593,0.0642041663457775,0.08298323696159439,0.08298516717780154,0.08295700570816004
1.5542788843861043e-05,3.86985142363075e-09,9.389176556142667e-05,0.06421081435207557,0.06420862631900942,0.06422914047080984,0.003621438366783235,0.0036219971409824753,0.0036213787996712734
1.9826078627734528e-05,6.593661971085517e-09,0.0006174381472521903,0.06419539649594995,0.0641952190141678,0.06419417669576456,0.006184393318764293,0.006185462282959891,0.006182432138773734
1.8215308329379712e-05,1.0212043283749237e-09,0.00570175165929809,0.06432074776302445,0.0643206973894372,0.06432135262477542,0.000961916965818286,0.0009619356071013699,0.0009616349787855657
1.9825960023044273e-05,5.531609115374498e-08,8.273768527994777e-05,0.06419501679502138,0.0641948350310119,0.06419379247845637,0.051869722548425215,0.05185737616807577,0.051840089635447686
1.9842564679679993e-05,5.821562704982647e-10,0.003268298508611847,0.06418818217830724,0.06418403791267321,0.06428754150165471,0.000544592644862673,0.0005445692668114117,0.0005452696185270532
2.6755083237129036e-05,2.879557867240178e-10,0.0014883186947155902,0.06417509248840149,0.0641750605405951,0.06417573426497145,0.0002693204432045918,0.0002693268870363622,0.0002692410296815229
1.9809473971098815e-05,6.114869607797486e-08,7.857924387824942e-06,0.06421046462753612,0.06421044670738231,0.06421108225732491,0.057235555916471774,0.05722488190852483,0.05720611795725645
0.00030850870866179974,6.850145599250118e-08,5.5631323099645125e-08,0.9989629068664065,0.9989295345832631,0.9992699871144392,1.0000000000000002,1.0000000000000002,0.9999999999999999
0.0003083131295275691,1.6661203723237052e-08,5.5631323099645125e-08,0.9988573000476174,0.9989314609201656,0.9987705046137922,0.24254398734784696,0.24255619440979717,0.24243961866049027
0.00030863087149276256,1.834410684076913e-08,5.5631323099645125e-08,0.9993585052733214,0.9993562824184039,0.9993468305760771,0.26779252110291873,0.26780057897792514,0.26770941229828304
0.000308408722310472,6.6924387527509965e-09,0.0005137830844867758,0.9990861298098551,0.9990862741958991,0.9990778784603442,0.09745850837306881,0.09744375211310483,0.09741412676781362
0.00030841014816419777,2.1759707405204925e-09,4.8816486019939e-06,0.9991716224715601,0.9992457748914287,0.9990778784603442,0.03168512124213425,0.03168913373197608,0.03167283310898665
0.00030843315747410726,8.777288643438107e-09,0.0006467280388641536,0.999246593420692,0.9993203241295567,0.9991547219219822,0.12782330185116172,0.1278311053289539,0.12776933594474457
0.0003085866319432974,2.1019216044518375e-08,6.636816845787707e-05,0.9992156178186251,0.9992130271640858,0.9991931436528011,0.3068507965493972,0.30683528332442794,0.3067330905568005
0.00030843315747410726,1.748357296636895e-08,8.094357510998447e-06,0.9991652874613309,0.9992394821908804,0.9990778784603442,0.25456511791657144,0.25460635171953044,0.2544844752098521
0.0003083010318491631,5.849802716389797e-10,0.0008545666619644291,0.999361502912231,0.9993618687954213,0.9993852523068961,0.008519737106482168,0.008519044210953931,0.008517233846815476
0.000308449287711982,3.6980794162974924e-09,2.6271892333807587e-05,0.9991195734679579,0.999086209984669,0.999423674037715,0.05403269413864553,0.05404126670091784,0.054040782487998575
0.0003084720598125109,1.5134422310624277e-08,2.7871292872922398e-05,0.9988442403341007,0.9988108722300671,0.9991163001911632,0.2209974626606523,0.22098726820477552,0.22098794041873054
0.00030858568310577534,8.025364380263919e-10,0.00014387650936645814,0.9996592683772625,0.9996595520580925,0.999654204422629,0.011691734943540262,0.011691967176050066,0.011688301557044036
0.00030837219466331613,1.1327330155661775e-08,4.8816486019939e-06,0.9989677930178293,0.9990419684471409,0.9988857698062492,0.16542573103499184,0.16542502999711903,0.16534494620222098
0.000308554845886309,8.135670202425884e-09,4.8677407712189756e-06,0.9991123091896666,0.9991100965622604,0.9990778784603442,0.11879705502274232,0.11877744898288768,0.1187388898366842
7.621537376027178e-10,3.48230890238949e-09,0.0005033383035748174,0.9992106217537755,0.9992107797710328,0.9992315653836201,0.0032585582869162724,0.003258460895613415,0.003257614145469329
0.0002829919769956225,2.5777278524126175e-09,5.354514848340884e-06,0.9994114635607262,0.999485668047024,0.9993084088452581,0.03754427851518105,0.03754848262792446,0.03752970594988649
0.00030851309529588284,7.303394551392452e-09,0.0001339463181931714,0.9994244533293349,0.9994984460818108,0.9993468305760771,0.1063599683789755,0.10638513991280707,0.10633308278768337
0.00030857477147427193,1.0172602402995059e-08,5.191793228274415e-05,0.9991768283711334,0.9991746288484953,0.9991547219219822,0.1481219583132293,0.14813032773581156,0.1480806643932204
7.621537376027178e-10,3.605004565401798e-08,7.688248852371005e-05,0.9992106217537755,0.9992107797710328,0.9992315653836201,0.03372006155245653,0.033720659809038475,0.033710140304882584
0.0003084645877170249,1.619114468167294e-09,5.5631323099645125e-08,0.9996552715253829,0.9996535162024647,0.999654204422629,0.023651969542878508,0.023651240424441056,0.023644429092195177
0.0003085382412296733,1.5860320682313365e-08,5.5631323099645125e-08,0.999058541539756,0.9990563517626798,0.9990394567295252,0.2309388128541649,0.23092570761861497,0.23084838144136627
0.0003082544202058928,3.4495672123964356e-09,5.5631323099645125e-08,0.9989746176424138,0.9989748035004725,0.9990010349987062,0.05037228067827269,0.050392538944088676,0.050375499669009144
0.0003083603341942906,4.782615895712335e-10,0.00013857762584121685,0.9989293732791366,0.9989295345832631,0.9989241915370682,0.0069624391571310425,0.006963322925624571,0.006960411563525522
0.00030849661098339377,3.277949393343148e-08,5.5631323099645125e-08,0.9993704958289601,0.9994450223383806,0.9992699871144392,0.47739278731676826,0.47745407013076424,0.4772244475095937
0.00030843896910392977,4.519243361250954e-08,4.285002661750194e-05,0.999184112633684,0.9991842605330079,0.9991931436528011,0.6580841063151731,0.6580861420485159,0.6578787431162751
0.0003083010318491631,3.880383231125452e-09,8.094357510998447e-06,0.999361502912231,0.9994359043437087,0.9992699871144392,0.056528430588899746,0.05651919390280842,0.05649253950030842
0.00030856196216772435,6.419444794140369e-10,0.0003949545783459331,0.9995823289785799,0.9995826912156816,0.999577360960991,0.009351441278529384,0.009350366066172884,0.009348690203021863
0.0003083719574539356,1.9796494122758195e-08,0.000225334674215114,0.9989670236238426,0.9990411979123799,0.9988857698062492,0.288215964387499,0.28823078135554075,0.2880933315439216
7.62355128366771e-10,2.4222538871250577e-10,0.00042595513314321054,0.9992106217537755,0.9992493707203135,0.9996157826918101,0.00022672238155950285,0.00022673433899437248,0.00022674409787705837
0.00030856848542568837,9.714805783995902e-09,0.0002822177020845015,0.9991564744029364,0.9991542738885585,0.9991547219219822,0.141924212795098,0.14192348095826038,0.14187619869314722
0.0003083247527872141,1.2460931185729263e-08,5.5631323099645125e-08,0.9988141040709284,0.9988882467623189,0.9987320828829733,0.1813984443166188,0.18139924030833596,0.18131299484151553
0.0003083686365226085,8.60203348138445e-09,3.696701419971443e-05,0.9990371383979407,0.999111316575632,0.9989626132678873,0.12524437418589904,0.12525160182321018,0.12519198449344845
0.00030858568310577534,1.8130301019769247e-08,5.5631323099645125e-08,0.9992126201797153,0.9992099450250416,0.9991931436528011,0.2647976373626137,0.2647853665898641,0.2646962810181465
0.0003082832411456248,3.4207195283858575e-09,3.1640315012923395e-05,0.9987741055757432,0.9988482431659763,0.9986936611521543,0.04978994217321338,0.04979644642410853,0.04977124472102849
0.0003084413411977349,3.7927179976308087e-10,5.5631323099645125e-08,0.9991787168836465,0.9991788667896807,0.9991931436528011,0.005522773585801902,0.0055225432472869,0.005521134597591026
7.620351329124627e-10,1.2544647140959811e-08,7.691030418525987e-05,0.9992106217537755,0.9992848153193201,0.9991163001911632,0.011740318613105212,0.011742755327976626,0.011735772826828923
0.00030833922255942524,3.0180830047208506e-09,9.582495403913935e-05,0.998941843457001,0.9990160271101868,0.9988473480754303,0.043924961515115976,0.043942443649415575,0.0439202848026139
0.0003084486946885307,1.8760521122497866e-09,1.3963462098011008e-05,0.9992156178186251,0.9992898237952665,0.9991163001911632,0.027319079896059535,0.027321352666291935,0.02730850150493222
0.00030860703195002126,4.2538163992897403e-10,4.8677407712189756e-06,0.9997282140721859,0.9998027431011808,0.999654204422629,0.006197579126343136,0.006198827586098459,0.006195190172443229
0.00030842556677393093,1.5658170534325928e-08,5.5631323099645125e-08,0.9991406968301416,0.9991408537414709,0.9991547219219822,0.22798552472136407,0.2280013792918962,0.22793041015819757
0.00030858556450108515,8.02677618328147e-09,5.410146171440529e-06,0.9996592683772625,0.9996591667907121,0.999654204422629,0.11729961315258979,0.11730191951638973,0.11726578545374107
0.00024181124249214144,1.0735854409566946e-10,0.0008250820607216171,0.9993864832364786,0.9994603688223707,0.9993084088452581,0.001563623425621762,0.0015637698613098488,0.001563016610999319
3.427477878537959e-14,4.470085528032788e-05,0.004656258296455678,0.9992106217537755,0.9992107797710328,0.9992315653836201,0.0018811911640715542,0.0018812278875783807,0.0018806387240765273
0.00030852993890135547,4.9446868201261745e-09,4.8677407712189756e-06,0.999031652718736,0.9990294472572744,0.9990010349987062,0.07200199658047586,0.0719935418766429,0.07196842128765753
0.0003084485760838404,8.64654326886445e-09,5.5631323099645125e-08,0.9991172652859974,0.999115040826977,0.9991163001911632,0.1263258599810092,0.12631547995304024,0.12627423958347206
7.619165282222077e-10,4.5008183628319766e-08,7.691030418525987e-05,0.9992106217537755,0.9992848153193201,0.9991163001911632,0.04209475478492956,0.04210605099817628,0.042086986224070665
7.1089259478131725e-12,1.292388267058753e-08,0.002447694769399751,0.9992106217537755,0.9992848153193201,0.9991163001911632,0.00011280141321269408,0.00011281195932778906,0.00011275804646323253
2.999512418882209e-11,9.09678399576141e-08,0.0009594456138380358,0.9992106217537755,0.9992084039555196,0.9991931436528011,0.0033500686234255936,0.0033493449569556803,0.0033490198044178587
0.0003083959156013672,1.9114931528905654e-08,5.5631323099645125e-08,0.9990446424873447,0.9991188292895519,0.9989626132678873,0.2783162098014907,0.2783297647904893,0.2781963368920443
0.00028301747700402736,8.19421321680442e-10,0.00011959343683346285,0.9995013927280176,0.9995757564028325,0.999423674037715,0.011935817968375124,0.011937888753799723,0.011931209465424607
0.0003084433574774692,1.5389380431791418e-08,5.5631323099645125e-08,0.9995873250434295,0.9995847459750443,0.999577360960991,0.22499064098105903,0.22497814772195204,0.2249027827841586
0.00030846387608888333,8.121258145599764e-09,5.5631323099645125e-08,0.9992645792541504,0.9993390095975112,0.9991931436528011,0.11858907698522113,0.11861973840585256,0.11856303875447623
7.62224900416871e-10,1.2060130362330517e-09,4.282221095595212e-05,0.9992106217537755,0.9992848153193201,0.9991163001911632,0.0011286324102689122,0.001128737263331331,0.0011281945540812033
0.000308402794673402,2.1932029312343058e-10,0.00014400167984343233,0.9990538452387975,0.9990539759471667,0.9990778784603442,0.0031932115875271164,0.0031943074405482866,0.0031922905826753042
0.000308473008650033,1.816080438990713e-09,0.0012715373364270467,0.9993055469859163,0.9993036292097348,0.9993084088452581,0.026448192661743326,0.026449934901657274,0.026439756001814408
0.00030844715282755735,1.7616126928314486e-09,5.5631323099645125e-08,0.9992106217537755,0.9992848153193201,0.9991163001911632,0.02565251028579478,0.025656035895226314,0.025642552383704012
7.619165282222077e-10,3.1714833434379354e-09,7.688248852371005e-05,0.9992106217537755,0.9992107797710328,0.9992315653836201,0.0029668066958815553,0.0029670972871926244,0.0029659206292068246
0.0003082927295208452,6.71559577552816e-10,4.8816486019939e-06,0.998804851358827,0.9988790003451867,0.9987320828829733,0.00980587329051317,0.009807459433511924,0.009802060096832588
0.0002830068025819044,2.4692215583621425e-10,0.00014498913582845104,0.9993694966159903,0.9993700236216421,0.9993852523068961,0.003596231428635667,0.0035952665347053383,0.003595181579011918
0.0003084418156164959,1.2057260273685443e-08,5.5631323099645125e-08,0.9991933353693961,0.99919350695014,0.9991931436528011,0.17615739777108497,0.17614133005362317,0.1760860768953528
7.621537376027178e-10,4.912869212977307e-09,7.688248852371005e-05,0.9992106217537755,0.9992848153193201,0.9991163001911632,0.004595316325279933,0.004594991209470253,0.004593533290319756
1.1871143445658496e-08,2.925627840072908e-11,0.00027718306734398365,0.9992106217537755,0.9992107797710328,0.9992315653836201,0.00042641162077771034,0.00042641998706646723,0.00042628684381241654
0.0003085858017104656,6.706345992368359e-10,5.5631323099645125e-08,0.9996602675902325,0.9996575615099599,0.999654204422629,0.009770142663667032,0.009770036584723932,0.009767020674620118
2.39223683546231e-13,1.0967385695784266e-05,0.0012388261184444551,0.9992106217537755,0.9992084039555196,0.9991931436528011,0.0032212886225924764,0.0032210380468254236,0.00322025304574237
0.00030852045052613507,1.3433470853978116e-11,2.0833930500817262e-05,0.9990009269199114,0.9989987542892941,0.9990010349987062,0.00019557633938126537,0.00019557981737836956,0.0001955133780333982
0.0003084241435176479,9.866025333417195e-11,0.0,0.9991360804662206,0.9991362305329048,0.9991547219219822,0.0014365775456654966,0.0014366043480676261,0.001436155802459692
7.620944352575904e-10,8.184404812808841e-10,0.00014181815041177122,0.9992106217537755,0.9992084039555196,0.9991931436528011,0.0007652593392618098,0.0007652731905992191,0.0007650151161122499
0.00024192391694788381,3.121690214950845e-10,0.00013590732233243394,0.999852116480454,0.9999260928741728,0.999769469615086,0.004548687649267683,0.004549549178799121,0.004546939844884356
9.650861669360954e-12,2.751278456425143e-08,0.0003731470996908721,0.9992106217537755,0.9992084039555196,0.9991931436528011,0.0003303736855827681,0.00033037959177334257,0.00033026820991257847
0.0003082062667016492,1.069403156927194e-09,0.0003596147803468833,0.9990545346957468,0.9991287178189848,0.9989626132678873,0.01557015098284281,0.01557057814686261,0.015564115116376242
0.0003083090969681004,1.144641982988666e-09,5.5631323099645125e-08,0.9988578795911399,0.9988580674841793,0.9988473480754303,0.016662326849081557,0.016663859943597505,0.016657428554671328
0.0003083012690585436,3.786533713862628e-09,5.980367233211987e-07,0.9993625021252008,0.9993626393301823,0.9993852523068961,0.05515577554125993,0.05514791380079131,0.05513145765639084
2.5700964289688914e-13,5.948521804066469e-07,0.0004712946614694216,0.9992106217537755,0.9992848153193201,0.9991163001911632,0.00018770645044146377,0.00018772369219351905,0.00018763374525695149
7.62248621354922e-10,3.5951982794716585e-10,0.0002715503958801445,0.9992106217537755,0.9992084039555196,0.9991931436528011,0.0003364626585872758,0.0003364688238832743,0.0003363554181065583
0.00030851297843064894,7.2438239384376466e-09,0.00013955117399546066,0.99897673597391,0.9989433399977312,0.9992699871144392,0.10577762987391619,0.10577568208968835,0.10577452587232263
0.0003084731272547232,2.653185907704339e-10,0.00046603750143650504,0.9988476976109766,0.9988454820830827,0.9988473480754303,0.0038621521474102535,0.003862572597476706,0.0038609209152364187
0.00030836353652092754,6.088888660147101e-09,0.0003152905236672407,0.9989397451097641,0.9989399368025368,0.9989626132678873,0.08893140883470026,0.08892203483195361,0.08889383251767868
0.0003083535737269461,1.8264296237981913e-09,5.938643740887158e-06,0.9990019661014001,0.9990761288215457,0.9989241915370682,0.02665825047963972,0.026661106691246654,0.026647891512875704
0.0003084179760737546,2.3168419611697067e-10,5.5631323099645125e-08,0.9992106217537755,0.9992848153193201,0.9991163001911632,0.0033737781197030084,0.003373402502605103,0.0033724636306695353
7.62296063231024e-10,3.1899807968908567e-10,0.00156916491501015,0.9992106217537755,0.9991662813885843,0.9998847348075429,0.0002983646593356402,0.0002983563254533327,0.00029847465915631494
7.621807794720961e-10,9.812017241204554e-09,0.00013874451981051584,0.9992106217537755,0.9992848153193201,0.9991163001911632,0.009181939177949619,0.009181963246626923,0.009178363498095279
0.00030848771563162463,2.1675165897763457e-10,5.5631323099645125e-08,0.9993425178658029,0.9994161914960727,0.9992699871144392,0.0031652593392842696,0.0031649037736434364,0.0031640147251228118
9.648845389626618e-12,1.4982792162394628e-08,0.0005609028151521755,0.9992106217537755,0.9992084039555196,0.9991931436528011,0.00017749477039478114,0.00017749656223188653,0.00017743883077184103
0.0003085146388963125,1.161451621303925e-09,0.0008258469914142371,0.9994294493941845,0.9995034545577574,0.9993468305760771,0.016916683988969963,0.016917800703230304,0.01691013004072149
0.000308572014439219,1.0631008195039203e-08,0.00021637803119607107,0.9996422817567742,0.9997166358416376,0.999538939230172,0.1548604467289157,0.15489049806329944,0.1548149474551795
0.00030859754357480087,4.6658633635062444e-09,5.300274308318723e-05,0.9992505902725717,0.9992483433406321,0.9992315653836201,0.0680920094750776,0.06808285417829779,0.06805995713958851
7.622842027619984e-10,5.6073314545000924e-09,0.004956876058655387,0.9992106217537755,0.9992107797710328,0.9992315653836201,0.005247951407021409,0.0052472180026323905,0.005246418747891084
0.0003083869016449078,1.9829347988524806e-09,0.00021340175541024008,0.9990154354922344,0.9990155776315762,0.9990394567295252,0.02886972254820998,0.028869054769738153,0.028861257654668907
0.00030860394822807463,4.076222195374356e-11,0.00015187351206203214,0.9995723368488808,0.9995705552931955,0.999538939230172,0.0005951810147312884,0.0005951916889790534,0.0005949922119623543
2.393660091745372e-13,4.903877075410943e-06,0.0048201481743072325,0.9992106217537755,0.9992848153193201,0.9991163001911632,0.0014411959475622996,0.0014413303192574239,0.0014406376633915871
0.00041648036983086016,3.912476547152587e-11,0.0007519268708455832,0.9991033462493266,0.999177518353849,0.9990010349987062,0.000569671343752305,0.0005697254403788252,0.0005694505614000653
0.0003084077760703927,3.760278897351554e-11,0.0016783274787624293,0.999094533190932,0.999092310051527,0.9990778784603442,0.0005475059596166624,0.0005475149796231522,0.0005473322659056279
0.0003084256853786212,5.8236288971005795e-09,5.5631323099645125e-08,0.9991410765310702,0.9992152745571387,0.9990394567295252,0.0851462085518147,0.0851476732256219,0.08510605562657667
0.0003086907668613414,1.941347876484331e-11,0.001448514483037794,0.9999999999999999,1.0,0.9999999999999999,0.00028292120856389716,0.0002829274195101693,0.0002828385128655535
6.734374115016012e-11,2.889189796251327e-09,0.003774696534957145,0.9992106217537755,0.9992848153193201,0.9991163001911632,0.00023888601867953682,0.00023890745709298055,0.00023879379605142983
9.550049461672616e-11,8.717822240902574e-08,3.3003282428864674e-05,0.9992106217537755,0.9992107797710328,0.9992315653836201,0.010387338287814898,0.010387513589725792,0.010384284691648897
0.0003084641132982639,5.593012446622219e-11,0.0007170738469236554,0.9991675956432915,0.9991653824313631,0.9991547219219822,0.000817118080579212,0.0008171332398374923,0.000816857919178551
0.00030837634582747507,4.256709621265594e-09,5.5631323099645125e-08,0.9989812424244043,0.9990553885942285,0.9988857698062492,0.062227028816980196,0.06221548610046627,0.062185892372630974
0.0003083589109380076,1.4523941409790773e-09,0.00021615550590367254,0.9989247669073453,0.9989989469229843,0.9988473480754303,0.021143629623550514,0.02114658261627334,0.021135428018799786
3.410161593760712e-14,3.5297110666868886e-06,0.0009240362766851114,0.9992106217537755,0.9992084039555196,0.9991931436528011,0.00014779396759927836,0.00014779618559735986,0.00014774630222910248
