timestamp,open_price,high_price,low_price,close_price,crip_id
2023-07-22 16:00:00,25.5826,25.68642,25.5826,25.68642,wrapped-solana
2023-07-22 20:00:00,25.70737,25.70737,25.32322,25.32322,wrapped-solana
2023-07-23 00:00:00,25.33261,25.33261,25.2333,25.26969,wrapped-solana
2023-07-23 04:00:00,24.44166,24.64354,24.28331,24.64354,wrapped-solana
2023-07-23 08:00:00,24.76424,24.80549,24.72103,24.72919,wrapped-solana
2023-07-23 12:00:00,24.67309,24.81518,24.67309,24.68205,wrapped-solana
2023-07-23 16:00:00,24.65535,24.65535,24.56882,24.6422,wrapped-solana
2023-07-23 20:00:00,24.65946,25.04476,24.65946,25.04476,wrapped-solana
2023-07-24 00:00:00,24.8815,24.94665,24.5707,24.71114,wrapped-solana
2023-07-24 04:00:00,24.7779,24.7779,24.36532,24.36532,wrapped-solana
2023-07-24 08:00:00,24.3892,24.41534,24.30903,24.41534,wrapped-solana
2023-07-24 12:00:00,24.68253,24.68253,23.7035,23.7035,wrapped-solana
2023-07-24 16:00:00,23.732,23.732,23.34115,23.34115,wrapped-solana
2023-07-24 20:00:00,23.15098,23.37446,23.15098,23.37446,wrapped-solana
2023-07-25 00:00:00,23.33634,23.41381,23.30978,23.37262,wrapped-solana
2023-07-25 04:00:00,23.40961,23.50101,23.21859,23.50101,wrapped-solana
2023-07-25 08:00:00,23.44539,23.44539,23.12971,23.12971,wrapped-solana
2023-07-25 12:00:00,23.02815,23.31788,23.02815,23.16819,wrapped-solana
2023-07-25 16:00:00,23.15576,23.47628,23.11897,23.25022,wrapped-solana
2023-07-25 20:00:00,23.27704,23.31771,23.24964,23.31771,wrapped-solana
2023-07-26 00:00:00,23.21701,23.30102,23.19126,23.20821,wrapped-solana
2023-07-26 04:00:00,23.2674,23.41428,23.22015,23.30047,wrapped-solana
2023-07-26 08:00:00,23.5876,23.5876,23.39659,23.51105,wrapped-solana
2023-07-26 12:00:00,23.44187,23.69133,23.44187,23.69133,wrapped-solana
2023-07-26 16:00:00,23.8496,24.43397,23.8496,24.43397,wrapped-solana
2023-07-26 20:00:00,24.89862,25.45126,24.73982,25.45126,wrapped-solana
2023-07-27 00:00:00,25.42516,25.42516,25.2261,25.2261,wrapped-solana
2023-07-27 04:00:00,25.12666,25.18534,24.78825,24.78825,wrapped-solana
2023-07-27 08:00:00,24.9769,25.18183,24.9769,25.12827,wrapped-solana
2023-07-27 12:00:00,25.1307,25.35299,25.0951,25.24384,wrapped-solana
2023-07-27 16:00:00,25.38715,25.38859,25.33643,25.38859,wrapped-solana
2023-07-27 20:00:00,25.31853,25.31853,24.96361,24.96361,wrapped-solana
2023-07-28 00:00:00,24.80647,25.14176,24.79239,25.14176,wrapped-solana
2023-07-28 04:00:00,25.08639,25.13593,25.07597,25.07597,wrapped-solana
2023-07-28 08:00:00,24.90911,24.97879,24.68006,24.74055,wrapped-solana
2023-07-28 12:00:00,24.67237,24.71696,24.67237,24.71696,wrapped-solana
2023-07-28 16:00:00,24.67286,25.05814,24.67286,25.05814,wrapped-solana
2023-07-28 20:00:00,25.37129,25.37129,24.93511,25.10026,wrapped-solana
2023-07-29 00:00:00,25.13329,25.13329,24.91294,24.91294,wrapped-solana
2023-07-29 04:00:00,24.82486,25.02741,24.82486,25.02741,wrapped-solana
2023-07-29 08:00:00,25.12754,25.20658,25.08692,25.08692,wrapped-solana
2023-07-29 12:00:00,25.13284,25.13284,25.01102,25.01632,wrapped-solana
2023-07-29 16:00:00,25.00971,25.15518,25.00971,25.07787,wrapped-solana
2023-07-29 20:00:00,25.04015,25.35817,25.04015,25.22096,wrapped-solana
2023-07-30 00:00:00,25.23577,25.3299,25.21202,25.26221,wrapped-solana
2023-07-30 04:00:00,25.16596,25.16596,25.07579,25.07579,wrapped-solana
2023-07-30 08:00:00,25.10822,25.10822,24.94379,24.94379,wrapped-solana
2023-07-30 12:00:00,24.94264,24.97946,24.85064,24.85064,wrapped-solana
2023-07-30 16:00:00,24.91376,24.97234,24.80825,24.81783,wrapped-solana
2023-07-30 20:00:00,24.98605,24.98605,24.89019,24.9099,wrapped-solana
2023-07-31 00:00:00,24.65186,24.65186,24.07804,24.07804,wrapped-solana
2023-07-31 04:00:00,24.30306,24.60355,24.30306,24.60355,wrapped-solana
2023-07-31 08:00:00,24.67047,24.67047,24.45311,24.46476,wrapped-solana
2023-07-31 12:00:00,24.52732,24.52732,24.43354,24.48962,wrapped-solana
2023-07-31 16:00:00,24.4581,24.52024,24.31431,24.31431,wrapped-solana
2023-07-31 20:00:00,24.00487,24.10695,23.90074,23.90074,wrapped-solana
2023-08-01 00:00:00,23.84581,23.84581,23.73529,23.74415,wrapped-solana
2023-08-01 04:00:00,23.7319,23.91316,23.37343,23.37343,wrapped-solana
2023-08-01 08:00:00,23.41062,23.56998,23.32619,23.56998,wrapped-solana
2023-08-01 12:00:00,23.52455,23.56103,23.41696,23.41696,wrapped-solana
2023-08-01 16:00:00,23.3452,23.39465,23.23328,23.23328,wrapped-solana
2023-08-01 20:00:00,23.21376,23.60332,23.21376,23.60332,wrapped-solana
2023-08-02 00:00:00,23.56949,23.64236,23.46475,23.63423,wrapped-solana
2023-08-02 04:00:00,23.92506,24.10172,23.92506,23.96349,wrapped-solana
2023-08-02 08:00:00,23.73792,23.73792,23.65888,23.65888,wrapped-solana
2023-08-02 12:00:00,23.68312,23.68312,23.54643,23.61895,wrapped-solana
2023-08-02 16:00:00,23.66922,23.66922,23.24716,23.24716,wrapped-solana
2023-08-02 20:00:00,23.29521,23.29521,23.07033,23.08092,wrapped-solana
2023-08-03 00:00:00,23.13223,23.22273,23.12504,23.22273,wrapped-solana
2023-08-03 04:00:00,23.15858,23.25878,23.15858,23.25878,wrapped-solana
2023-08-03 08:00:00,23.22945,23.22945,23.043,23.043,wrapped-solana
2023-08-03 12:00:00,22.70123,22.76839,22.64919,22.76839,wrapped-solana
2023-08-03 16:00:00,22.76148,22.99938,22.6165,22.99938,wrapped-solana
2023-08-03 20:00:00,22.82622,22.87017,22.78385,22.87017,wrapped-solana
2023-08-04 00:00:00,22.84338,23.00287,22.60291,22.60291,wrapped-solana
2023-08-04 04:00:00,22.67646,22.67646,22.6148,22.66877,wrapped-solana
2023-08-04 08:00:00,22.70928,22.92105,22.70928,22.82164,wrapped-solana
2023-08-04 12:00:00,22.88811,22.91669,22.88811,22.89562,wrapped-solana
2023-08-04 16:00:00,22.90171,23.43078,22.90171,23.43078,wrapped-solana
2023-08-04 20:00:00,23.31825,23.41891,23.00149,23.00149,wrapped-solana
2023-08-05 00:00:00,22.88212,22.88212,22.77665,22.77665,wrapped-solana
2023-08-05 04:00:00,22.80149,22.80149,22.54788,22.69546,wrapped-solana
2023-08-05 08:00:00,22.68271,22.78947,22.5832,22.78947,wrapped-solana
2023-08-05 12:00:00,22.74904,22.78332,22.74904,22.78332,wrapped-solana
2023-08-05 16:00:00,22.80448,22.80448,22.62368,22.70877,wrapped-solana
2023-08-05 20:00:00,22.56556,22.56556,22.2771,22.56369,wrapped-solana
2023-08-06 00:00:00,22.59696,22.63159,22.52804,22.63159,wrapped-solana
2023-08-06 04:00:00,22.62987,22.84395,22.62987,22.84395,wrapped-solana
2023-08-06 08:00:00,22.79976,22.93708,22.79976,22.86456,wrapped-solana
2023-08-06 12:00:00,23.02841,23.26853,23.01762,23.01762,wrapped-solana
2023-08-06 16:00:00,23.19736,23.19736,22.9255,22.98952,wrapped-solana
2023-08-06 20:00:00,23.00134,23.18682,23.00134,23.18682,wrapped-solana
2023-08-07 00:00:00,23.16868,23.29081,23.1276,23.29081,wrapped-solana
2023-08-07 04:00:00,23.14995,23.39771,23.03577,23.39771,wrapped-solana
2023-08-07 08:00:00,23.28062,23.32712,23.02226,23.02226,wrapped-solana
2023-08-07 12:00:00,23.06761,23.07273,23.04576,23.07273,wrapped-solana
2023-08-07 16:00:00,23.04298,23.04298,22.79557,22.79557,wrapped-solana
2023-08-07 20:00:00,22.72127,22.94664,22.50465,22.94664,wrapped-solana
2023-08-08 00:00:00,22.80529,23.03902,22.80529,23.00915,wrapped-solana
2023-08-08 04:00:00,23.01889,23.12627,23.01889,23.08011,wrapped-solana
2023-08-08 08:00:00,23.09349,23.30219,23.09349,23.30219,wrapped-solana
2023-08-08 12:00:00,23.19054,23.25602,23.15813,23.25602,wrapped-solana
2023-08-08 16:00:00,23.23412,23.43072,23.23412,23.30158,wrapped-solana
2023-08-08 20:00:00,23.83427,24.28582,23.83427,24.28582,wrapped-solana
2023-08-09 00:00:00,24.49168,24.52284,24.04519,24.04519,wrapped-solana
2023-08-09 04:00:00,24.16068,24.41359,24.16068,24.21323,wrapped-solana
2023-08-09 08:00:00,24.31123,24.41863,24.31123,24.34236,wrapped-solana
2023-08-09 12:00:00,24.54198,24.64281,24.54198,24.63192,wrapped-solana
2023-08-09 16:00:00,24.82798,24.88657,24.67531,24.67531,wrapped-solana
2023-08-09 20:00:00,24.59029,24.59029,24.41328,24.47423,wrapped-solana
2023-08-10 00:00:00,24.34752,24.34752,24.27877,24.29455,wrapped-solana
2023-08-10 04:00:00,24.3817,24.43173,24.29141,24.40353,wrapped-solana
2023-08-10 08:00:00,24.22032,24.26422,24.22032,24.24962,wrapped-solana
2023-08-10 12:00:00,24.27677,24.43394,24.27677,24.43394,wrapped-solana
2023-08-10 16:00:00,24.39871,24.72946,24.39871,24.49274,wrapped-solana
2023-08-10 20:00:00,24.52598,24.52598,24.45975,24.47341,wrapped-solana
2023-08-11 00:00:00,24.56604,24.65962,24.54585,24.62274,wrapped-solana
2023-08-11 04:00:00,24.61152,24.8114,24.61152,24.8114,wrapped-solana
2023-08-11 08:00:00,24.67728,24.71298,24.60561,24.60561,wrapped-solana
2023-08-11 12:00:00,24.47885,24.50878,24.41207,24.41207,wrapped-solana
2023-08-11 16:00:00,24.46736,24.73295,24.37823,24.73295,wrapped-solana
2023-08-11 20:00:00,24.62913,24.62913,24.40765,24.40765,wrapped-solana
2023-08-12 00:00:00,24.40083,24.58907,24.39965,24.58907,wrapped-solana
2023-08-12 04:00:00,24.5796,24.61905,24.50583,24.50583,wrapped-solana
2023-08-12 08:00:00,24.45006,24.46305,24.44451,24.44451,wrapped-solana
2023-08-12 12:00:00,24.53463,24.53463,24.44867,24.49469,wrapped-solana
2023-08-12 16:00:00,24.50541,24.58564,24.50541,24.58564,wrapped-solana
2023-08-12 20:00:00,24.6349,24.75529,24.6349,24.74006,wrapped-solana
2023-08-13 00:00:00,24.71543,25.01517,24.71543,25.01517,wrapped-solana
2023-08-13 04:00:00,24.87537,24.87537,24.771,24.8064,wrapped-solana
2023-08-13 08:00:00,24.88936,24.88936,24.70326,24.70326,wrapped-solana
2023-08-13 12:00:00,24.72955,24.8048,24.72955,24.8048,wrapped-solana
2023-08-13 16:00:00,24.69347,24.70461,24.61995,24.6234,wrapped-solana
2023-08-13 20:00:00,24.59839,24.59839,24.48898,24.50066,wrapped-solana
2023-08-14 00:00:00,24.55388,24.58401,24.29951,24.29951,wrapped-solana
2023-08-14 04:00:00,24.24942,24.32438,24.23407,24.26364,wrapped-solana
2023-08-14 08:00:00,24.35161,24.44155,24.35161,24.406,wrapped-solana
2023-08-14 12:00:00,24.37823,24.48452,24.37823,24.47894,wrapped-solana
2023-08-14 16:00:00,24.47823,24.6077,24.39988,24.6077,wrapped-solana
2023-08-14 20:00:00,24.76943,25.1323,24.74788,24.74788,wrapped-solana
2023-08-15 00:00:00,24.81059,25.10057,24.80173,25.10057,wrapped-solana
2023-08-15 04:00:00,25.1472,25.15157,24.9743,24.9743,wrapped-solana
2023-08-15 08:00:00,24.93017,24.96345,24.93017,24.94634,wrapped-solana
2023-08-15 12:00:00,24.79763,24.91948,24.79763,24.91948,wrapped-solana
2023-08-15 16:00:00,24.84391,24.85257,24.78187,24.82891,wrapped-solana
2023-08-15 20:00:00,24.76607,24.76607,24.64335,24.64335,wrapped-solana
2023-08-16 00:00:00,23.99862,24.0951,23.91879,23.91879,wrapped-solana
2023-08-16 04:00:00,23.83327,23.8907,23.83327,23.87024,wrapped-solana
2023-08-16 08:00:00,23.81934,23.81934,23.38739,23.44089,wrapped-solana
2023-08-16 12:00:00,23.43693,23.48143,23.25435,23.48143,wrapped-solana
2023-08-16 16:00:00,23.44617,23.44617,23.02669,23.19009,wrapped-solana
2023-08-16 20:00:00,23.14191,23.48368,23.14191,23.48368,wrapped-solana
2023-08-17 00:00:00,23.37488,23.37488,22.79696,22.81079,wrapped-solana
2023-08-17 04:00:00,22.79788,23.27196,22.79788,23.27196,wrapped-solana
2023-08-17 08:00:00,23.34489,23.34489,23.20901,23.20901,wrapped-solana
2023-08-17 12:00:00,23.24357,23.24357,23.02257,23.02257,wrapped-solana
2023-08-17 16:00:00,23.06009,23.32391,22.90292,22.90292,wrapped-solana
2023-08-17 20:00:00,22.87056,23.18389,22.87056,23.18389,wrapped-solana
2023-08-18 00:00:00,23.08444,23.08444,21.42844,21.42844,wrapped-solana
2023-08-18 04:00:00,21.68223,21.89459,21.52667,21.52667,wrapped-solana
2023-08-18 08:00:00,21.49624,22.05909,21.47922,22.05909,wrapped-solana
2023-08-18 12:00:00,22.12469,22.12469,21.9718,21.9718,wrapped-solana
2023-08-18 16:00:00,22.019,22.019,21.88737,21.88737,wrapped-solana
2023-08-18 20:00:00,21.668,21.668,21.40514,21.54914,wrapped-solana
2023-08-19 00:00:00,21.25245,21.41516,21.25245,21.41516,wrapped-solana
2023-08-19 04:00:00,21.29925,21.57542,21.29925,21.47608,wrapped-solana
2023-08-19 08:00:00,21.3719,21.57544,21.3719,21.57544,wrapped-solana
2023-08-19 12:00:00,21.79968,21.79968,21.68531,21.69439,wrapped-solana
2023-08-19 16:00:00,21.65869,21.7444,21.65869,21.72657,wrapped-solana
2023-08-19 20:00:00,21.68282,22.02629,21.68282,21.85692,wrapped-solana
2023-08-20 00:00:00,21.88774,21.88774,21.78628,21.83917,wrapped-solana
2023-08-20 04:00:00,21.86321,21.88644,21.78938,21.81011,wrapped-solana
2023-08-20 08:00:00,21.80699,21.80699,21.67083,21.67083,wrapped-solana
2023-08-20 12:00:00,21.71433,21.94652,21.71433,21.94652,wrapped-solana
2023-08-20 16:00:00,21.93551,21.93671,21.77531,21.77531,wrapped-solana
2023-08-20 20:00:00,21.78765,21.79608,21.75998,21.7896,wrapped-solana
2023-08-21 00:00:00,21.7786,21.87209,21.7786,21.78962,wrapped-solana
2023-08-21 04:00:00,21.75251,21.75251,21.47663,21.49649,wrapped-solana
2023-08-21 08:00:00,21.39674,21.57352,21.39674,21.55086,wrapped-solana
2023-08-21 12:00:00,21.37659,21.37659,21.0961,21.0961,wrapped-solana
2023-08-21 16:00:00,21.20716,21.20716,21.20716,21.20716,wrapped-solana
2023-07-22 16:00:00,0.05758,0.05758,0.0574,0.0574,bluzelle
2023-07-22 20:00:00,0.05734,0.05734,0.05667,0.05667,bluzelle
2023-07-23 00:00:00,0.05659,0.05704,0.05659,0.05703,bluzelle
2023-07-23 04:00:00,0.05622,0.05709,0.05622,0.05707,bluzelle
2023-07-23 08:00:00,0.05721,0.05756,0.05721,0.05739,bluzelle
2023-07-23 12:00:00,0.05755,0.0576,0.05731,0.05731,bluzelle
2023-07-23 16:00:00,0.05709,0.05761,0.05709,0.05761,bluzelle
2023-07-23 20:00:00,0.05764,0.05845,0.05764,0.05845,bluzelle
2023-07-24 00:00:00,0.05802,0.05802,0.05747,0.05764,bluzelle
2023-07-24 04:00:00,0.05782,0.05788,0.05709,0.0572,bluzelle
2023-07-24 08:00:00,0.05719,0.05728,0.05671,0.05671,bluzelle
2023-07-24 12:00:00,0.05711,0.05724,0.05517,0.05517,bluzelle
2023-07-24 16:00:00,0.05517,0.05526,0.05509,0.05516,bluzelle
2023-07-24 20:00:00,0.05469,0.05469,0.05446,0.0546,bluzelle
2023-07-25 00:00:00,0.05409,0.05438,0.05409,0.05438,bluzelle
2023-07-25 04:00:00,0.05459,0.05459,0.05425,0.05457,bluzelle
2023-07-25 08:00:00,0.0541,0.05419,0.05389,0.05389,bluzelle
2023-07-25 12:00:00,0.05361,0.05394,0.05357,0.05384,bluzelle
2023-07-25 16:00:00,0.05392,0.05393,0.05322,0.05322,bluzelle
2023-07-25 20:00:00,0.0532,0.05338,0.05314,0.05338,bluzelle
2023-07-26 00:00:00,0.05345,0.05379,0.05341,0.05379,bluzelle
2023-07-26 04:00:00,0.05374,0.05374,0.05286,0.05306,bluzelle
2023-07-26 08:00:00,0.05329,0.05359,0.05305,0.05358,bluzelle
2023-07-26 12:00:00,0.05349,0.05349,0.05281,0.05289,bluzelle
2023-07-26 16:00:00,0.05282,0.05312,0.05282,0.05312,bluzelle
2023-07-26 20:00:00,0.05329,0.05422,0.05318,0.05422,bluzelle
2023-07-27 00:00:00,0.05404,0.05452,0.05402,0.05402,bluzelle
2023-07-27 04:00:00,0.05386,0.05386,0.05342,0.05342,bluzelle
2023-07-27 08:00:00,0.05391,0.05434,0.05391,0.05403,bluzelle
2023-07-27 12:00:00,0.05414,0.05496,0.05414,0.0547,bluzelle
2023-07-27 16:00:00,0.05484,0.05484,0.05448,0.05448,bluzelle
2023-07-27 20:00:00,0.05435,0.05443,0.05382,0.05382,bluzelle
2023-07-28 00:00:00,0.05382,0.05436,0.05382,0.05435,bluzelle
2023-07-28 04:00:00,0.05437,0.05461,0.05414,0.05414,bluzelle
2023-07-28 08:00:00,0.05414,0.05414,0.05348,0.05366,bluzelle
2023-07-28 12:00:00,0.05373,0.05385,0.05348,0.05385,bluzelle
2023-07-28 16:00:00,0.0538,0.05447,0.0538,0.05447,bluzelle
2023-07-28 20:00:00,0.0546,0.0546,0.05417,0.05438,bluzelle
2023-07-29 00:00:00,0.0544,0.05456,0.0544,0.05445,bluzelle
2023-07-29 04:00:00,0.05459,0.05483,0.05443,0.05443,bluzelle
2023-07-29 08:00:00,0.05448,0.05479,0.05448,0.05472,bluzelle
2023-07-29 12:00:00,0.05465,0.05468,0.05438,0.05438,bluzelle
2023-07-29 16:00:00,0.05431,0.05448,0.0543,0.05448,bluzelle
2023-07-29 20:00:00,0.05436,0.05474,0.05436,0.0546,bluzelle
2023-07-30 00:00:00,0.05461,0.05472,0.05458,0.05466,bluzelle
2023-07-30 04:00:00,0.05472,0.05472,0.05448,0.05466,bluzelle
2023-07-30 08:00:00,0.0546,0.05475,0.05417,0.05417,bluzelle
2023-07-30 12:00:00,0.05408,0.05413,0.05389,0.05389,bluzelle
2023-07-30 16:00:00,0.05384,0.05403,0.0536,0.05403,bluzelle
2023-07-30 20:00:00,0.05405,0.05405,0.05372,0.05397,bluzelle
2023-07-31 00:00:00,0.05275,0.05309,0.05275,0.05293,bluzelle
2023-07-31 04:00:00,0.05326,0.05387,0.05326,0.05375,bluzelle
2023-07-31 08:00:00,0.05351,0.05351,0.05324,0.05338,bluzelle
2023-07-31 12:00:00,0.05313,0.05335,0.05304,0.05315,bluzelle
2023-07-31 16:00:00,0.05308,0.05336,0.05298,0.05309,bluzelle
2023-07-31 20:00:00,0.05295,0.0531,0.05295,0.05301,bluzelle
2023-08-01 00:00:00,0.05261,0.05261,0.0522,0.05232,bluzelle
2023-08-01 04:00:00,0.05242,0.05247,0.05115,0.05115,bluzelle
2023-08-01 08:00:00,0.05124,0.05177,0.05124,0.05177,bluzelle
2023-08-01 12:00:00,0.05169,0.05213,0.05169,0.05205,bluzelle
2023-08-01 16:00:00,0.05205,0.05248,0.05205,0.05214,bluzelle
2023-08-01 20:00:00,0.05241,0.05292,0.05241,0.05292,bluzelle
2023-08-02 00:00:00,0.05294,0.05294,0.0526,0.05267,bluzelle
2023-08-02 04:00:00,0.05328,0.05328,0.053,0.053,bluzelle
2023-08-02 08:00:00,0.0527,0.0527,0.05208,0.05208,bluzelle
2023-08-02 12:00:00,0.05196,0.05201,0.05185,0.05201,bluzelle
2023-08-02 16:00:00,0.05206,0.05206,0.05129,0.05129,bluzelle
2023-08-02 20:00:00,0.05146,0.05146,0.05102,0.05114,bluzelle
2023-08-03 00:00:00,0.05118,0.05128,0.05118,0.05125,bluzelle
2023-08-03 04:00:00,0.05124,0.05161,0.05124,0.05142,bluzelle
2023-08-03 08:00:00,0.05139,0.05149,0.05125,0.05147,bluzelle
2023-08-03 12:00:00,0.05137,0.05141,0.05116,0.05141,bluzelle
2023-08-03 16:00:00,0.05131,0.05142,0.05093,0.05142,bluzelle
2023-08-03 20:00:00,0.05125,0.05128,0.05112,0.05112,bluzelle
2023-08-04 00:00:00,0.05116,0.05121,0.0508,0.0508,bluzelle
2023-08-04 04:00:00,0.0507,0.05077,0.05068,0.05068,bluzelle
2023-08-04 08:00:00,0.05056,0.05056,0.05032,0.05032,bluzelle
2023-08-04 12:00:00,0.05021,0.05054,0.05021,0.05049,bluzelle
2023-08-04 16:00:00,0.05042,0.05082,0.05029,0.05076,bluzelle
2023-08-04 20:00:00,0.05085,0.05085,0.04992,0.04992,bluzelle
2023-08-05 00:00:00,0.0499,0.0499,0.04957,0.0497,bluzelle
2023-08-05 04:00:00,0.05,0.05,0.04952,0.04982,bluzelle
2023-08-05 08:00:00,0.04983,0.04983,0.04939,0.04951,bluzelle
2023-08-05 12:00:00,0.04944,0.04944,0.04919,0.04928,bluzelle
2023-08-05 16:00:00,0.04928,0.04928,0.04891,0.04914,bluzelle
2023-08-05 20:00:00,0.04915,0.04948,0.04915,0.04948,bluzelle
2023-08-06 00:00:00,0.04931,0.04957,0.04929,0.04957,bluzelle
2023-08-06 04:00:00,0.04965,0.05028,0.04958,0.05028,bluzelle
2023-08-06 08:00:00,0.05033,0.05051,0.05033,0.05046,bluzelle
2023-08-06 12:00:00,0.05065,0.05077,0.05065,0.05077,bluzelle
2023-08-06 16:00:00,0.05123,0.05123,0.05057,0.05067,bluzelle
2023-08-06 20:00:00,0.05086,0.05132,0.05086,0.05123,bluzelle
2023-08-07 00:00:00,0.05105,0.0516,0.05105,0.0516,bluzelle
2023-08-07 04:00:00,0.05158,0.05255,0.05158,0.05255,bluzelle
2023-08-07 08:00:00,0.05267,0.05277,0.05163,0.05163,bluzelle
2023-08-07 12:00:00,0.052,0.05262,0.052,0.05262,bluzelle
2023-08-07 16:00:00,0.05248,0.05264,0.05221,0.05221,bluzelle
2023-08-07 20:00:00,0.05173,0.05178,0.05122,0.05178,bluzelle
2023-08-08 00:00:00,0.05164,0.05182,0.05164,0.05165,bluzelle
2023-08-08 04:00:00,0.05178,0.05178,0.05118,0.05137,bluzelle
2023-08-08 08:00:00,0.05134,0.05178,0.05134,0.05165,bluzelle
2023-08-08 12:00:00,0.05156,0.05215,0.05156,0.05215,bluzelle
2023-08-08 16:00:00,0.05235,0.05235,0.05181,0.05184,bluzelle
2023-08-08 20:00:00,0.05204,0.05266,0.05204,0.05266,bluzelle
2023-08-09 00:00:00,0.05259,0.05277,0.05246,0.05246,bluzelle
2023-08-09 04:00:00,0.05241,0.05241,0.05188,0.05188,bluzelle
2023-08-09 08:00:00,0.05182,0.05197,0.05182,0.0519,bluzelle
2023-08-09 12:00:00,0.05201,0.05232,0.05201,0.05232,bluzelle
2023-08-09 16:00:00,0.05236,0.05279,0.05236,0.05267,bluzelle
2023-08-09 20:00:00,0.05244,0.05244,0.05208,0.05213,bluzelle
2023-08-10 00:00:00,0.05193,0.05193,0.05148,0.05189,bluzelle
2023-08-10 04:00:00,0.05218,0.05236,0.05198,0.05236,bluzelle
2023-08-10 08:00:00,0.05219,0.0522,0.05172,0.05172,bluzelle
2023-08-10 12:00:00,0.05165,0.05196,0.05165,0.05188,bluzelle
2023-08-10 16:00:00,0.05184,0.05284,0.05184,0.05244,bluzelle
2023-08-10 20:00:00,0.05271,0.05271,0.05235,0.05251,bluzelle
2023-08-11 00:00:00,0.05255,0.05255,0.05243,0.05254,bluzelle
2023-08-11 04:00:00,0.05241,0.05277,0.05241,0.05277,bluzelle
2023-08-11 08:00:00,0.05291,0.0533,0.05291,0.0533,bluzelle
2023-08-11 12:00:00,0.05316,0.0534,0.05315,0.0534,bluzelle
2023-08-11 16:00:00,0.05367,0.05379,0.05358,0.05369,bluzelle
2023-08-11 20:00:00,0.05358,0.05365,0.0535,0.05361,bluzelle
2023-08-12 00:00:00,0.05355,0.05374,0.05355,0.05369,bluzelle
2023-08-12 04:00:00,0.05383,0.05601,0.05383,0.05601,bluzelle
2023-08-12 08:00:00,0.05607,0.05774,0.05607,0.05774,bluzelle
2023-08-12 12:00:00,0.05875,0.06014,0.05837,0.06011,bluzelle
2023-08-12 16:00:00,0.06026,0.06149,0.06026,0.06149,bluzelle
2023-08-12 20:00:00,0.06062,0.0614,0.06058,0.0614,bluzelle
2023-08-13 00:00:00,0.06199,0.06325,0.06199,0.06325,bluzelle
2023-08-13 04:00:00,0.06177,0.07204,0.06086,0.07204,bluzelle
2023-08-13 08:00:00,0.07265,0.07865,0.07208,0.07865,bluzelle
2023-08-13 12:00:00,0.07728,0.08368,0.07696,0.08368,bluzelle
2023-08-13 16:00:00,0.08374,0.09707,0.08374,0.09443,bluzelle
2023-08-13 20:00:00,0.09784,0.103,0.09564,0.09564,bluzelle
2023-08-14 00:00:00,0.09506,0.09571,0.08838,0.09571,bluzelle
2023-08-14 04:00:00,0.09875,0.10173,0.09567,0.09567,bluzelle
2023-08-14 08:00:00,0.09898,0.10988,0.09898,0.10988,bluzelle
2023-08-14 12:00:00,0.10841,0.11488,0.10335,0.11488,bluzelle
2023-08-14 16:00:00,0.11752,0.11752,0.10333,0.10333,bluzelle
2023-08-14 20:00:00,0.10247,0.10247,0.09382,0.09382,bluzelle
2023-08-15 00:00:00,0.09673,0.09673,0.09109,0.09274,bluzelle
2023-08-15 04:00:00,0.09025,0.09308,0.09025,0.09308,bluzelle
2023-08-15 08:00:00,0.09226,0.09226,0.08569,0.08569,bluzelle
2023-08-15 12:00:00,0.08438,0.08446,0.08139,0.08139,bluzelle
2023-08-15 16:00:00,0.08041,0.08556,0.08041,0.08556,bluzelle
2023-08-15 20:00:00,0.08449,0.08449,0.08144,0.08144,bluzelle
2023-08-16 00:00:00,0.08026,0.08081,0.07973,0.07973,bluzelle
2023-08-16 04:00:00,0.08054,0.08723,0.07988,0.08723,bluzelle
2023-08-16 08:00:00,0.08831,0.10051,0.08673,0.10051,bluzelle
2023-08-16 12:00:00,0.10438,0.10775,0.10438,0.1064,bluzelle
2023-08-16 16:00:00,0.10512,0.10729,0.10277,0.10729,bluzelle
2023-08-16 20:00:00,0.10108,0.10108,0.09787,0.09961,bluzelle
2023-08-17 00:00:00,0.09865,0.09958,0.09679,0.09958,bluzelle
2023-08-17 04:00:00,0.10245,0.10245,0.09354,0.09519,bluzelle
2023-08-17 08:00:00,0.09895,0.09895,0.09236,0.09236,bluzelle
2023-08-17 12:00:00,0.09141,0.09141,0.08845,0.08845,bluzelle
2023-08-17 16:00:00,0.08876,0.08876,0.08508,0.08508,bluzelle
2023-08-17 20:00:00,0.08523,0.09106,0.08523,0.09106,bluzelle
2023-08-18 00:00:00,0.09024,0.09024,0.08547,0.08547,bluzelle
2023-08-18 04:00:00,0.08579,0.08579,0.08354,0.08485,bluzelle
2023-08-18 08:00:00,0.08425,0.08425,0.08204,0.08282,bluzelle
2023-08-18 12:00:00,0.08213,0.08324,0.0815,0.08324,bluzelle
2023-08-18 16:00:00,0.08429,0.08429,0.08152,0.08166,bluzelle
2023-08-18 20:00:00,0.09485,0.11348,0.09485,0.11269,bluzelle
2023-08-19 00:00:00,0.10868,0.10868,0.10586,0.10647,bluzelle
2023-08-19 04:00:00,0.1032,0.1094,0.10118,0.10118,bluzelle
2023-08-19 08:00:00,0.10257,0.10268,0.09831,0.09831,bluzelle
2023-08-19 12:00:00,0.11582,0.12272,0.11582,0.12058,bluzelle
2023-08-19 16:00:00,0.12451,0.12451,0.11865,0.12028,bluzelle
2023-08-19 20:00:00,0.12297,0.12297,0.11572,0.11572,bluzelle
2023-08-20 00:00:00,0.11494,0.1166,0.11444,0.11536,bluzelle
2023-08-20 04:00:00,0.11762,0.11762,0.11549,0.11549,bluzelle
2023-08-20 08:00:00,0.1201,0.1201,0.11358,0.11358,bluzelle
2023-08-20 12:00:00,0.11437,0.11437,0.10814,0.10814,bluzelle
2023-08-20 16:00:00,0.10837,0.10882,0.10792,0.10807,bluzelle
2023-08-20 20:00:00,0.10599,0.10599,0.10233,0.10233,bluzelle
2023-08-21 00:00:00,0.10201,0.10572,0.10191,0.10572,bluzelle
2023-08-21 04:00:00,0.10537,0.10755,0.10421,0.10438,bluzelle
2023-08-21 08:00:00,0.10613,0.11375,0.10613,0.10995,bluzelle
2023-08-21 12:00:00,0.11282,0.11717,0.11141,0.11717,bluzelle
2023-08-21 16:00:00,0.1287,0.1287,0.1287,0.1287,bluzelle
2023-07-22 16:00:00,0.77021,0.77216,0.76642,0.76642,heco-peg-xrp
2023-07-22 20:00:00,0.76489,0.7681,0.75312,0.75312,heco-peg-xrp
2023-07-23 00:00:00,0.75235,0.75443,0.75235,0.75286,heco-peg-xrp
2023-07-23 04:00:00,0.73507,0.73507,0.72799,0.73241,heco-peg-xrp
2023-07-23 08:00:00,0.73059,0.74065,0.73059,0.73998,heco-peg-xrp
2023-07-23 12:00:00,0.73624,0.74694,0.73624,0.73931,heco-peg-xrp
2023-07-23 16:00:00,0.73529,0.7423,0.73529,0.73878,heco-peg-xrp
2023-07-23 20:00:00,0.74309,0.74651,0.74225,0.74651,heco-peg-xrp
2023-07-24 00:00:00,0.74679,0.74679,0.74035,0.74039,heco-peg-xrp
2023-07-24 04:00:00,0.7396,0.73973,0.72749,0.72749,heco-peg-xrp
2023-07-24 08:00:00,0.72529,0.73344,0.7252,0.72575,heco-peg-xrp
2023-07-24 12:00:00,0.72276,0.7235,0.69911,0.69911,heco-peg-xrp
2023-07-24 16:00:00,0.69864,0.69864,0.68772,0.68772,heco-peg-xrp
2023-07-24 20:00:00,0.68434,0.69849,0.68434,0.69849,heco-peg-xrp
2023-07-25 00:00:00,0.70199,0.70206,0.70036,0.70206,heco-peg-xrp
2023-07-25 04:00:00,0.70581,0.70581,0.69899,0.69899,heco-peg-xrp
2023-07-25 08:00:00,0.69334,0.69461,0.68969,0.68969,heco-peg-xrp
2023-07-25 12:00:00,0.6891,0.6891,0.68665,0.68855,heco-peg-xrp
2023-07-25 16:00:00,0.68511,0.69844,0.68511,0.69844,heco-peg-xrp
2023-07-25 20:00:00,0.69804,0.69844,0.69427,0.69448,heco-peg-xrp
2023-07-26 00:00:00,0.70074,0.7077,0.70074,0.70642,heco-peg-xrp
2023-07-26 04:00:00,0.71036,0.71158,0.7037,0.7037,heco-peg-xrp
2023-07-26 08:00:00,0.70992,0.70992,0.70245,0.70777,heco-peg-xrp
2023-07-26 12:00:00,0.70236,0.70236,0.69806,0.69928,heco-peg-xrp
2023-07-26 16:00:00,0.69857,0.70412,0.69857,0.70412,heco-peg-xrp
2023-07-26 20:00:00,0.70027,0.71388,0.70027,0.71388,heco-peg-xrp
2023-07-27 00:00:00,0.71065,0.72433,0.71065,0.71874,heco-peg-xrp
2023-07-27 04:00:00,0.71392,0.7149,0.70926,0.70926,heco-peg-xrp
2023-07-27 08:00:00,0.71392,0.71653,0.7114,0.7114,heco-peg-xrp
2023-07-27 12:00:00,0.71096,0.71473,0.71096,0.7128,heco-peg-xrp
2023-07-27 16:00:00,0.71087,0.71238,0.70944,0.70944,heco-peg-xrp
2023-07-27 20:00:00,0.73146,0.73146,0.71585,0.71585,heco-peg-xrp
2023-07-28 00:00:00,0.71394,0.71394,0.71187,0.71187,heco-peg-xrp
2023-07-28 04:00:00,0.71037,0.71677,0.71037,0.71592,heco-peg-xrp
2023-07-28 08:00:00,0.71681,0.71681,0.71113,0.71419,heco-peg-xrp
2023-07-28 12:00:00,0.71047,0.71204,0.70744,0.71204,heco-peg-xrp
2023-07-28 16:00:00,0.7085,0.7106,0.7085,0.71039,heco-peg-xrp
2023-07-28 20:00:00,0.71085,0.71608,0.71085,0.71259,heco-peg-xrp
2023-07-29 00:00:00,0.71129,0.71689,0.71094,0.71094,heco-peg-xrp
2023-07-29 04:00:00,0.71623,0.71623,0.71199,0.71439,heco-peg-xrp
2023-07-29 08:00:00,0.71099,0.71319,0.71099,0.71319,heco-peg-xrp
2023-07-29 12:00:00,0.71716,0.71716,0.71292,0.71362,heco-peg-xrp
2023-07-29 16:00:00,0.71299,0.71312,0.70811,0.70811,heco-peg-xrp
2023-07-29 20:00:00,0.70766,0.70808,0.70766,0.70792,heco-peg-xrp
2023-07-30 00:00:00,0.70887,0.70942,0.70887,0.70942,heco-peg-xrp
2023-07-30 12:00:00,0.72864,0.72864,0.72864,0.72864,heco-peg-xrp
2023-07-30 16:00:00,0.72203,0.72333,0.72037,0.72037,heco-peg-xrp
2023-07-30 20:00:00,0.72083,0.72271,0.71707,0.72271,heco-peg-xrp
2023-07-31 00:00:00,0.7279,0.7279,0.70526,0.70759,heco-peg-xrp
2023-07-31 04:00:00,0.7075,0.71043,0.7075,0.70769,heco-peg-xrp
2023-07-31 08:00:00,0.70649,0.7107,0.70282,0.70282,heco-peg-xrp
2023-07-31 12:00:00,0.70798,0.70816,0.70352,0.70816,heco-peg-xrp
2023-07-31 16:00:00,0.708,0.708,0.70198,0.70206,heco-peg-xrp
2023-07-31 20:00:00,0.69723,0.69896,0.69723,0.69803,heco-peg-xrp
2023-08-01 00:00:00,0.7154,0.7154,0.69549,0.69993,heco-peg-xrp
2023-08-01 04:00:00,0.69669,0.69669,0.68252,0.68252,heco-peg-xrp
2023-08-01 08:00:00,0.67879,0.68874,0.67879,0.6853,heco-peg-xrp
2023-08-01 12:00:00,0.68582,0.68899,0.68582,0.68899,heco-peg-xrp
2023-08-01 16:00:00,0.68689,0.69613,0.68614,0.69613,heco-peg-xrp
2023-08-01 20:00:00,0.6931,0.69675,0.69182,0.69675,heco-peg-xrp
2023-08-02 00:00:00,0.69869,0.69985,0.69869,0.69931,heco-peg-xrp
2023-08-02 04:00:00,0.70279,0.70765,0.70264,0.70436,heco-peg-xrp
2023-08-02 08:00:00,0.70272,0.70272,0.69742,0.69742,heco-peg-xrp
2023-08-02 12:00:00,0.69451,0.69999,0.69333,0.69999,heco-peg-xrp
2023-08-02 16:00:00,0.69524,0.69524,0.68911,0.68911,heco-peg-xrp
2023-08-02 20:00:00,0.68519,0.68779,0.68294,0.68328,heco-peg-xrp
2023-08-03 00:00:00,0.68578,0.69022,0.68578,0.69002,heco-peg-xrp
2023-08-03 04:00:00,0.68876,0.69026,0.68553,0.68553,heco-peg-xrp
2023-08-03 08:00:00,0.68639,0.68639,0.6818,0.68279,heco-peg-xrp
2023-08-03 12:00:00,0.67558,0.67558,0.66088,0.66426,heco-peg-xrp
2023-08-03 16:00:00,0.66464,0.66808,0.66391,0.66808,heco-peg-xrp
2023-08-03 20:00:00,0.67177,0.67362,0.67141,0.67362,heco-peg-xrp
2023-08-04 00:00:00,0.67265,0.6755,0.66669,0.66669,heco-peg-xrp
2023-08-04 04:00:00,0.66966,0.66966,0.6619,0.6619,heco-peg-xrp
2023-08-04 08:00:00,0.66813,0.66813,0.66042,0.66042,heco-peg-xrp
2023-08-04 12:00:00,0.65926,0.66199,0.65926,0.66199,heco-peg-xrp
2023-08-04 16:00:00,0.66107,0.66612,0.65842,0.66612,heco-peg-xrp
2023-08-04 20:00:00,0.66758,0.66758,0.6515,0.6515,heco-peg-xrp
2023-08-05 00:00:00,0.6514,0.6514,0.63056,0.63094,heco-peg-xrp
2023-08-05 04:00:00,0.63535,0.63588,0.61459,0.61459,heco-peg-xrp
2023-08-05 08:00:00,0.61969,0.6205,0.61695,0.61802,heco-peg-xrp
2023-08-05 12:00:00,0.6197,0.62654,0.6197,0.62212,heco-peg-xrp
2023-08-05 16:00:00,0.62483,0.63177,0.62483,0.62768,heco-peg-xrp
2023-08-05 20:00:00,0.62727,0.62829,0.62617,0.62829,heco-peg-xrp
2023-08-06 00:00:00,0.62941,0.62941,0.62319,0.62319,heco-peg-xrp
2023-08-06 04:00:00,0.62666,0.63126,0.62666,0.62795,heco-peg-xrp
2023-08-06 08:00:00,0.62715,0.63423,0.62715,0.63356,heco-peg-xrp
2023-08-06 12:00:00,0.63412,0.63412,0.62752,0.62752,heco-peg-xrp
2023-08-06 16:00:00,0.62714,0.62875,0.62583,0.62583,heco-peg-xrp
2023-08-06 20:00:00,0.6277,0.63143,0.62735,0.63143,heco-peg-xrp
2023-08-07 00:00:00,0.6272,0.63153,0.6272,0.63153,heco-peg-xrp
2023-08-07 04:00:00,0.62865,0.62865,0.62247,0.62247,heco-peg-xrp
2023-08-07 08:00:00,0.62661,0.62661,0.62032,0.62034,heco-peg-xrp
2023-08-07 12:00:00,0.61768,0.62097,0.6142,0.62097,heco-peg-xrp
2023-08-07 16:00:00,0.62013,0.62013,0.60962,0.60962,heco-peg-xrp
2023-08-07 20:00:00,0.60989,0.61149,0.60306,0.61149,heco-peg-xrp
2023-08-08 00:00:00,0.6141,0.6147,0.61128,0.61397,heco-peg-xrp
2023-08-08 04:00:00,0.61433,0.61961,0.61433,0.61842,heco-peg-xrp
2023-08-08 08:00:00,0.61686,0.62021,0.61686,0.6183,heco-peg-xrp
2023-08-08 12:00:00,0.61714,0.62126,0.61688,0.62065,heco-peg-xrp
2023-08-08 16:00:00,0.61797,0.62221,0.61797,0.6216,heco-peg-xrp
2023-08-08 20:00:00,0.62508,0.63917,0.62508,0.63917,heco-peg-xrp
2023-08-09 00:00:00,0.63592,0.64163,0.63491,0.64163,heco-peg-xrp
2023-08-09 04:00:00,0.63843,0.64197,0.63523,0.63523,heco-peg-xrp
2023-08-09 08:00:00,0.63859,0.64319,0.63799,0.64166,heco-peg-xrp
2023-08-09 12:00:00,0.64155,0.64534,0.64058,0.64534,heco-peg-xrp
2023-08-09 16:00:00,0.64358,0.65734,0.64185,0.65644,heco-peg-xrp
2023-08-09 20:00:00,0.65336,0.65586,0.65336,0.65455,heco-peg-xrp
2023-08-10 00:00:00,0.66182,0.66182,0.63589,0.63697,heco-peg-xrp
2023-08-10 04:00:00,0.64194,0.64501,0.64107,0.64128,heco-peg-xrp
2023-08-10 08:00:00,0.63796,0.64176,0.62788,0.62788,heco-peg-xrp
2023-08-10 12:00:00,0.63151,0.63151,0.62752,0.63091,heco-peg-xrp
2023-08-10 16:00:00,0.63055,0.63554,0.63055,0.63171,heco-peg-xrp
2023-08-10 20:00:00,0.63594,0.63631,0.63499,0.63519,heco-peg-xrp
2023-08-11 00:00:00,0.63435,0.63584,0.63435,0.63584,heco-peg-xrp
2023-08-11 04:00:00,0.63582,0.63689,0.6314,0.6314,heco-peg-xrp
2023-08-11 08:00:00,0.63427,0.63621,0.63244,0.63244,heco-peg-xrp
2023-08-11 12:00:00,0.63439,0.63445,0.62892,0.63445,heco-peg-xrp
2023-08-11 16:00:00,0.63143,0.63354,0.63105,0.63354,heco-peg-xrp
2023-08-11 20:00:00,0.63,0.63228,0.62828,0.62828,heco-peg-xrp
2023-08-12 00:00:00,0.62812,0.6288,0.62781,0.6288,heco-peg-xrp
2023-08-12 04:00:00,0.63223,0.63223,0.62886,0.62886,heco-peg-xrp
2023-08-12 08:00:00,0.62528,0.62558,0.62496,0.62496,heco-peg-xrp
2023-08-12 12:00:00,0.62484,0.62878,0.62463,0.62523,heco-peg-xrp
2023-08-12 16:00:00,0.6288,0.6288,0.62635,0.62654,heco-peg-xrp
2023-08-12 20:00:00,0.63065,0.63065,0.62464,0.62464,heco-peg-xrp
2023-08-13 00:00:00,0.62482,0.6338,0.62482,0.6338,heco-peg-xrp
2023-08-13 04:00:00,0.63028,0.63338,0.62992,0.63262,heco-peg-xrp
2023-08-13 08:00:00,0.6312,0.63169,0.62884,0.63169,heco-peg-xrp
2023-08-13 12:00:00,0.63116,0.63116,0.62791,0.62791,heco-peg-xrp
2023-08-13 20:00:00,0.62979,0.62979,0.62979,0.62979,heco-peg-xrp
2023-08-14 00:00:00,0.63369,0.63379,0.6303,0.6303,heco-peg-xrp
2023-08-14 04:00:00,0.62712,0.63107,0.62712,0.62901,heco-peg-xrp
2023-08-14 08:00:00,0.62986,0.62986,0.62671,0.62671,heco-peg-xrp
2023-08-14 20:00:00,0.63194,0.63194,0.63194,0.63194,heco-peg-xrp
2023-08-15 00:00:00,0.62563,0.62776,0.62563,0.62724,heco-peg-xrp
2023-08-15 04:00:00,0.63055,0.63108,0.63055,0.63108,heco-peg-xrp
2023-08-15 08:00:00,0.63479,0.63479,0.62988,0.62988,heco-peg-xrp
2023-08-15 12:00:00,0.62933,0.62933,0.62933,0.62933,heco-peg-xrp
2023-08-15 20:00:00,0.62874,0.62874,0.62516,0.62516,heco-peg-xrp
2023-08-16 00:00:00,0.60205,0.61018,0.60205,0.61018,heco-peg-xrp
2023-08-16 04:00:00,0.60568,0.60796,0.60202,0.60796,heco-peg-xrp
2023-08-16 08:00:00,0.60447,0.61018,0.59661,0.59661,heco-peg-xrp
2023-08-16 12:00:00,0.59923,0.59984,0.59735,0.59808,heco-peg-xrp
2023-08-16 16:00:00,0.59759,0.59759,0.58941,0.58941,heco-peg-xrp
2023-08-16 20:00:00,0.59197,0.59985,0.59197,0.59985,heco-peg-xrp
2023-08-17 00:00:00,0.59981,0.59981,0.5826,0.58401,heco-peg-xrp
2023-08-17 04:00:00,0.58347,0.58974,0.58114,0.58974,heco-peg-xrp
2023-08-17 08:00:00,0.58935,0.59059,0.58687,0.59029,heco-peg-xrp
2023-08-17 12:00:00,0.58685,0.58778,0.5855,0.5855,heco-peg-xrp
2023-08-17 16:00:00,0.58571,0.58786,0.58517,0.58786,heco-peg-xrp
2023-08-17 20:00:00,0.57792,0.58075,0.57207,0.57207,heco-peg-xrp
2023-08-18 00:00:00,0.57839,0.57839,0.47185,0.50243,heco-peg-xrp
2023-08-18 04:00:00,0.50743,0.50816,0.49139,0.49139,heco-peg-xrp
2023-08-18 08:00:00,0.48726,0.5088,0.48726,0.5088,heco-peg-xrp
2023-08-18 12:00:00,0.50735,0.50778,0.50342,0.50529,heco-peg-xrp
2023-08-18 16:00:00,0.50553,0.50656,0.50157,0.50656,heco-peg-xrp
2023-08-18 20:00:00,0.50894,0.50894,0.50231,0.50628,heco-peg-xrp
2023-08-19 00:00:00,0.50105,0.51002,0.50105,0.50686,heco-peg-xrp
2023-08-19 04:00:00,0.50994,0.51016,0.50717,0.50717,heco-peg-xrp
2023-08-19 08:00:00,0.50415,0.50985,0.50415,0.50723,heco-peg-xrp
2023-08-19 12:00:00,0.50363,0.50399,0.50297,0.50399,heco-peg-xrp
2023-08-19 16:00:00,0.50693,0.50693,0.50286,0.50286,heco-peg-xrp
2023-08-19 20:00:00,0.52123,0.5223,0.51853,0.5223,heco-peg-xrp
2023-08-20 00:00:00,0.51879,0.52135,0.51616,0.52135,heco-peg-xrp
2023-08-20 04:00:00,0.5188,0.5211,0.51836,0.5211,heco-peg-xrp
2023-08-20 08:00:00,0.52172,0.52221,0.51785,0.52221,heco-peg-xrp
2023-08-20 12:00:00,0.52639,0.54142,0.5229,0.54142,heco-peg-xrp
2023-08-20 16:00:00,0.54447,0.54447,0.539,0.539,heco-peg-xrp
2023-08-20 20:00:00,0.53592,0.54078,0.53592,0.54078,heco-peg-xrp
2023-08-21 00:00:00,0.54443,0.54443,0.5411,0.54151,heco-peg-xrp
2023-08-21 04:00:00,0.54074,0.54074,0.53785,0.53904,heco-peg-xrp
2023-08-21 08:00:00,0.53711,0.53711,0.53291,0.53296,heco-peg-xrp
2023-08-21 12:00:00,0.5255,0.52793,0.52275,0.52793,heco-peg-xrp
2023-08-21 16:00:00,0.52255,0.52255,0.52255,0.52255,heco-peg-xrp
2023-07-22 16:00:00,0.0716,0.07175,0.0714,0.07175,binance-peg-dogecoin
2023-07-22 20:00:00,0.0718,0.0718,0.07128,0.07131,binance-peg-dogecoin
2023-07-23 00:00:00,0.07136,0.07136,0.071,0.071,binance-peg-dogecoin
2023-07-23 04:00:00,0.07034,0.07097,0.07029,0.07097,binance-peg-dogecoin
2023-07-23 08:00:00,0.07087,0.07184,0.07087,0.07184,binance-peg-dogecoin
2023-07-23 12:00:00,0.07162,0.07213,0.07162,0.07196,binance-peg-dogecoin
2023-07-23 16:00:00,0.07218,0.07218,0.07198,0.07198,binance-peg-dogecoin
2023-07-23 20:00:00,0.07207,0.07299,0.07207,0.07299,binance-peg-dogecoin
2023-07-24 00:00:00,0.07181,0.07206,0.07157,0.07157,binance-peg-dogecoin
2023-07-24 04:00:00,0.07188,0.07188,0.071,0.071,binance-peg-dogecoin
2023-07-24 08:00:00,0.07104,0.07115,0.07104,0.07114,binance-peg-dogecoin
2023-07-24 12:00:00,0.07569,0.07569,0.07346,0.07438,binance-peg-dogecoin
2023-07-24 16:00:00,0.0758,0.07607,0.07529,0.07607,binance-peg-dogecoin
2023-07-24 20:00:00,0.07463,0.07463,0.07425,0.07463,binance-peg-dogecoin
2023-07-25 00:00:00,0.07491,0.07491,0.07409,0.07409,binance-peg-dogecoin
2023-07-25 04:00:00,0.07445,0.07658,0.07435,0.07658,binance-peg-dogecoin
2023-07-25 08:00:00,0.0762,0.07739,0.0762,0.07739,binance-peg-dogecoin
2023-07-25 12:00:00,0.07688,0.07769,0.07643,0.07769,binance-peg-dogecoin
2023-07-25 16:00:00,0.0778,0.0778,0.07682,0.07682,binance-peg-dogecoin
2023-07-25 20:00:00,0.07746,0.08219,0.07746,0.08219,binance-peg-dogecoin
2023-07-26 00:00:00,0.08264,0.08264,0.08132,0.08175,binance-peg-dogecoin
2023-07-26 04:00:00,0.08186,0.08186,0.07959,0.07959,binance-peg-dogecoin
2023-07-26 08:00:00,0.08011,0.0803,0.0801,0.0803,binance-peg-dogecoin
2023-07-26 12:00:00,0.08074,0.08074,0.07848,0.07848,binance-peg-dogecoin
2023-07-26 16:00:00,0.07894,0.07895,0.07885,0.07885,binance-peg-dogecoin
2023-07-26 20:00:00,0.0788,0.0788,0.07787,0.07867,binance-peg-dogecoin
2023-07-27 00:00:00,0.07805,0.07897,0.07805,0.0781,binance-peg-dogecoin
2023-07-27 04:00:00,0.07812,0.07812,0.07698,0.07812,binance-peg-dogecoin
2023-07-27 08:00:00,0.07834,0.07853,0.07813,0.07813,binance-peg-dogecoin
2023-07-27 12:00:00,0.07833,0.07952,0.07833,0.07925,binance-peg-dogecoin
2023-07-27 16:00:00,0.07945,0.07945,0.07861,0.07861,binance-peg-dogecoin
2023-07-27 20:00:00,0.07902,0.07902,0.07756,0.07756,binance-peg-dogecoin
2023-07-28 00:00:00,0.0772,0.07738,0.07709,0.07727,binance-peg-dogecoin
2023-07-28 04:00:00,0.07763,0.07763,0.07697,0.07697,binance-peg-dogecoin
2023-07-28 08:00:00,0.07713,0.07755,0.07634,0.07634,binance-peg-dogecoin
2023-07-28 12:00:00,0.07651,0.07682,0.07619,0.07682,binance-peg-dogecoin
2023-07-28 16:00:00,0.07653,0.07739,0.07653,0.07739,binance-peg-dogecoin
2023-07-28 20:00:00,0.077,0.07715,0.07668,0.07715,binance-peg-dogecoin
2023-07-29 00:00:00,0.07741,0.07773,0.07736,0.07736,binance-peg-dogecoin
2023-07-29 04:00:00,0.07731,0.07808,0.07731,0.07781,binance-peg-dogecoin
2023-07-29 08:00:00,0.07801,0.07801,0.0776,0.0776,binance-peg-dogecoin
2023-07-29 12:00:00,0.0777,0.07788,0.07742,0.07753,binance-peg-dogecoin
2023-07-29 16:00:00,0.0782,0.07826,0.07784,0.07784,binance-peg-dogecoin
2023-07-29 20:00:00,0.07801,0.07877,0.07801,0.07877,binance-peg-dogecoin
2023-07-30 00:00:00,0.08087,0.08092,0.08006,0.08031,binance-peg-dogecoin
2023-07-30 04:00:00,0.08049,0.08049,0.07979,0.07993,binance-peg-dogecoin
2023-07-30 08:00:00,0.08017,0.08038,0.07985,0.07985,binance-peg-dogecoin
2023-07-30 12:00:00,0.08009,0.08051,0.07994,0.07994,binance-peg-dogecoin
2023-07-30 16:00:00,0.08014,0.08028,0.07931,0.07931,binance-peg-dogecoin
2023-07-30 20:00:00,0.07965,0.0798,0.07944,0.0798,binance-peg-dogecoin
2023-07-31 00:00:00,0.0782,0.07821,0.07795,0.07795,binance-peg-dogecoin
2023-07-31 04:00:00,0.07828,0.07872,0.07828,0.07865,binance-peg-dogecoin
2023-07-31 08:00:00,0.07859,0.07859,0.07825,0.07848,binance-peg-dogecoin
2023-07-31 12:00:00,0.07877,0.0792,0.07877,0.0792,binance-peg-dogecoin
2023-07-31 16:00:00,0.0796,0.0796,0.079,0.079,binance-peg-dogecoin
2023-07-31 20:00:00,0.07809,0.07849,0.07809,0.07821,binance-peg-dogecoin
2023-08-01 00:00:00,0.07781,0.07781,0.07711,0.07772,binance-peg-dogecoin
2023-08-01 04:00:00,0.07788,0.07799,0.0763,0.0763,binance-peg-dogecoin
2023-08-01 08:00:00,0.076,0.0765,0.07593,0.0765,binance-peg-dogecoin
2023-08-01 12:00:00,0.07676,0.07717,0.07676,0.07708,binance-peg-dogecoin
2023-08-01 16:00:00,0.07695,0.07722,0.07689,0.07689,binance-peg-dogecoin
2023-08-01 20:00:00,0.07631,0.07723,0.07631,0.07723,binance-peg-dogecoin
2023-08-02 00:00:00,0.07718,0.07729,0.07713,0.07729,binance-peg-dogecoin
2023-08-02 04:00:00,0.07795,0.0781,0.07771,0.07786,binance-peg-dogecoin
2023-08-02 08:00:00,0.0775,0.0775,0.07687,0.07687,binance-peg-dogecoin
2023-08-02 12:00:00,0.07686,0.07694,0.0768,0.07694,binance-peg-dogecoin
2023-08-02 16:00:00,0.07709,0.07709,0.07546,0.07546,binance-peg-dogecoin
2023-08-02 20:00:00,0.07518,0.07518,0.07469,0.0748,binance-peg-dogecoin
2023-08-03 00:00:00,0.07506,0.07507,0.0746,0.0746,binance-peg-dogecoin
2023-08-03 04:00:00,0.07411,0.07454,0.07411,0.07454,binance-peg-dogecoin
2023-08-03 08:00:00,0.07459,0.07472,0.07449,0.07449,binance-peg-dogecoin
2023-08-03 12:00:00,0.07415,0.07415,0.07346,0.07346,binance-peg-dogecoin
2023-08-03 16:00:00,0.07352,0.07449,0.07337,0.07449,binance-peg-dogecoin
2023-08-03 20:00:00,0.0741,0.07476,0.0741,0.07425,binance-peg-dogecoin
2023-08-04 00:00:00,0.07432,0.07443,0.07357,0.07357,binance-peg-dogecoin
2023-08-04 04:00:00,0.07366,0.07417,0.07366,0.07417,binance-peg-dogecoin
2023-08-04 08:00:00,0.07418,0.07437,0.07389,0.07389,binance-peg-dogecoin
2023-08-04 12:00:00,0.07417,0.07431,0.07405,0.07405,binance-peg-dogecoin
2023-08-04 16:00:00,0.074,0.07472,0.074,0.07472,binance-peg-dogecoin
2023-08-04 20:00:00,0.07457,0.07457,0.0733,0.0733,binance-peg-dogecoin
2023-08-05 00:00:00,0.0731,0.07326,0.07308,0.07326,binance-peg-dogecoin
2023-08-05 04:00:00,0.07331,0.07338,0.07321,0.07321,binance-peg-dogecoin
2023-08-05 08:00:00,0.07364,0.07553,0.07364,0.07553,binance-peg-dogecoin
2023-08-05 12:00:00,0.07535,0.07584,0.07535,0.0758,binance-peg-dogecoin
2023-08-05 16:00:00,0.07578,0.07662,0.07578,0.07662,binance-peg-dogecoin
2023-08-05 20:00:00,0.07554,0.07606,0.0752,0.07606,binance-peg-dogecoin
2023-08-06 00:00:00,0.07621,0.07621,0.07573,0.07589,binance-peg-dogecoin
2023-08-06 04:00:00,0.07582,0.07622,0.07582,0.07594,binance-peg-dogecoin
2023-08-06 08:00:00,0.07588,0.07588,0.07507,0.07507,binance-peg-dogecoin
2023-08-06 12:00:00,0.07527,0.07551,0.07477,0.07477,binance-peg-dogecoin
2023-08-06 16:00:00,0.07479,0.07483,0.07435,0.07435,binance-peg-dogecoin
2023-08-06 20:00:00,0.07412,0.07493,0.07412,0.07492,binance-peg-dogecoin
2023-08-07 00:00:00,0.07489,0.07497,0.07471,0.07471,binance-peg-dogecoin
2023-08-07 04:00:00,0.07439,0.07504,0.07415,0.07504,binance-peg-dogecoin
2023-08-07 08:00:00,0.07512,0.07513,0.07441,0.07441,binance-peg-dogecoin
2023-08-07 12:00:00,0.07437,0.07455,0.07429,0.07429,binance-peg-dogecoin
2023-08-07 16:00:00,0.07467,0.07467,0.07347,0.07347,binance-peg-dogecoin
2023-08-07 20:00:00,0.07356,0.07356,0.07259,0.0732,binance-peg-dogecoin
2023-08-08 00:00:00,0.07321,0.07344,0.07321,0.0733,binance-peg-dogecoin
2023-08-08 04:00:00,0.07358,0.07358,0.07323,0.07345,binance-peg-dogecoin
2023-08-08 08:00:00,0.07369,0.07389,0.07354,0.07372,binance-peg-dogecoin
2023-08-08 12:00:00,0.07323,0.07353,0.07323,0.07353,binance-peg-dogecoin
2023-08-08 16:00:00,0.07372,0.0739,0.07372,0.0739,binance-peg-dogecoin
2023-08-08 20:00:00,0.07449,0.07555,0.07449,0.07483,binance-peg-dogecoin
2023-08-09 00:00:00,0.0749,0.07509,0.07488,0.07509,binance-peg-dogecoin
2023-08-09 04:00:00,0.07468,0.07523,0.07453,0.07453,binance-peg-dogecoin
2023-08-09 08:00:00,0.0747,0.07504,0.07463,0.07497,binance-peg-dogecoin
2023-08-09 12:00:00,0.07542,0.07561,0.07523,0.07523,binance-peg-dogecoin
2023-08-09 16:00:00,0.07549,0.07583,0.07549,0.07549,binance-peg-dogecoin
2023-08-09 20:00:00,0.07501,0.07513,0.07459,0.07513,binance-peg-dogecoin
2023-08-10 00:00:00,0.07518,0.07518,0.07463,0.07501,binance-peg-dogecoin
2023-08-10 04:00:00,0.07523,0.07584,0.07505,0.07584,binance-peg-dogecoin
2023-08-10 08:00:00,0.07577,0.07577,0.07541,0.07541,binance-peg-dogecoin
2023-08-10 12:00:00,0.0754,0.07555,0.07537,0.07537,binance-peg-dogecoin
2023-08-10 16:00:00,0.07498,0.07596,0.07498,0.07583,binance-peg-dogecoin
2023-08-10 20:00:00,0.07606,0.07642,0.07606,0.07609,binance-peg-dogecoin
2023-08-11 00:00:00,0.07592,0.07604,0.07576,0.07576,binance-peg-dogecoin
2023-08-11 04:00:00,0.07579,0.07604,0.07579,0.07598,binance-peg-dogecoin
2023-08-11 08:00:00,0.07575,0.07575,0.07558,0.07566,binance-peg-dogecoin
2023-08-11 12:00:00,0.07546,0.0756,0.07534,0.07534,binance-peg-dogecoin
2023-08-11 16:00:00,0.07557,0.07576,0.07535,0.07576,binance-peg-dogecoin
2023-08-11 20:00:00,0.07536,0.07538,0.07499,0.07538,binance-peg-dogecoin
2023-08-12 00:00:00,0.07515,0.07547,0.07515,0.07547,binance-peg-dogecoin
2023-08-12 04:00:00,0.07548,0.07614,0.07548,0.07614,binance-peg-dogecoin
2023-08-12 08:00:00,0.07617,0.07617,0.07581,0.0759,binance-peg-dogecoin
2023-08-12 12:00:00,0.07623,0.07696,0.07608,0.07696,binance-peg-dogecoin
2023-08-12 16:00:00,0.07688,0.0769,0.07669,0.0769,binance-peg-dogecoin
2023-08-12 20:00:00,0.07652,0.07692,0.07652,0.07666,binance-peg-dogecoin
2023-08-13 00:00:00,0.07677,0.07713,0.07656,0.07713,binance-peg-dogecoin
2023-08-13 04:00:00,0.07696,0.07696,0.07655,0.07669,binance-peg-dogecoin
2023-08-13 08:00:00,0.07637,0.0767,0.07621,0.07653,binance-peg-dogecoin
2023-08-13 12:00:00,0.07649,0.07649,0.07617,0.07627,binance-peg-dogecoin
2023-08-13 16:00:00,0.07593,0.07621,0.07593,0.07621,binance-peg-dogecoin
2023-08-13 20:00:00,0.07604,0.0762,0.07573,0.0762,binance-peg-dogecoin
2023-08-14 00:00:00,0.0759,0.0759,0.0747,0.0747,binance-peg-dogecoin
2023-08-14 04:00:00,0.07484,0.07484,0.07436,0.07436,binance-peg-dogecoin
2023-08-14 08:00:00,0.07461,0.07514,0.07461,0.0748,binance-peg-dogecoin
2023-08-14 12:00:00,0.07486,0.07509,0.07468,0.07509,binance-peg-dogecoin
2023-08-14 16:00:00,0.07495,0.07495,0.0747,0.0749,binance-peg-dogecoin
2023-08-14 20:00:00,0.07473,0.07485,0.07391,0.07391,binance-peg-dogecoin
2023-08-15 00:00:00,0.07408,0.07474,0.07408,0.07474,binance-peg-dogecoin
2023-08-15 04:00:00,0.07478,0.07478,0.07448,0.07468,binance-peg-dogecoin
2023-08-15 08:00:00,0.07443,0.07445,0.07419,0.07433,binance-peg-dogecoin
2023-08-15 12:00:00,0.07436,0.07448,0.07434,0.07438,binance-peg-dogecoin
2023-08-15 16:00:00,0.07407,0.07418,0.07375,0.07375,binance-peg-dogecoin
2023-08-15 20:00:00,0.07391,0.07391,0.07332,0.07332,binance-peg-dogecoin
2023-08-16 00:00:00,0.0709,0.07103,0.07074,0.07103,binance-peg-dogecoin
2023-08-16 04:00:00,0.07087,0.07111,0.07087,0.07111,binance-peg-dogecoin
2023-08-16 08:00:00,0.07111,0.07111,0.07057,0.07057,binance-peg-dogecoin
2023-08-16 12:00:00,0.0706,0.0706,0.06984,0.07029,binance-peg-dogecoin
2023-08-16 16:00:00,0.07012,0.07012,0.06909,0.06952,binance-peg-dogecoin
2023-08-16 20:00:00,0.06908,0.06949,0.06908,0.06949,binance-peg-dogecoin
2023-08-17 00:00:00,0.06918,0.06918,0.06707,0.06707,binance-peg-dogecoin
2023-08-17 04:00:00,0.06724,0.06809,0.06668,0.06809,binance-peg-dogecoin
2023-08-17 08:00:00,0.06824,0.06824,0.06797,0.06808,binance-peg-dogecoin
2023-08-17 12:00:00,0.06771,0.06788,0.06706,0.06706,binance-peg-dogecoin
2023-08-17 16:00:00,0.06714,0.06714,0.06651,0.06651,binance-peg-dogecoin
2023-08-17 20:00:00,0.06561,0.06593,0.06543,0.06593,binance-peg-dogecoin
2023-08-18 00:00:00,0.06599,0.06599,0.05873,0.06088,binance-peg-dogecoin
2023-08-18 04:00:00,0.06107,0.06135,0.06065,0.06065,binance-peg-dogecoin
2023-08-18 08:00:00,0.06066,0.06225,0.06066,0.06225,binance-peg-dogecoin
2023-08-18 12:00:00,0.06234,0.06271,0.06234,0.06271,binance-peg-dogecoin
2023-08-18 16:00:00,0.06299,0.06299,0.06262,0.06266,binance-peg-dogecoin
2023-08-18 20:00:00,0.06262,0.06307,0.06262,0.06307,binance-peg-dogecoin
2023-08-19 00:00:00,0.06302,0.06338,0.06302,0.06326,binance-peg-dogecoin
2023-08-19 04:00:00,0.06308,0.06356,0.06308,0.06337,binance-peg-dogecoin
2023-08-19 08:00:00,0.0635,0.06368,0.06339,0.06339,binance-peg-dogecoin
2023-08-19 12:00:00,0.06339,0.06377,0.06339,0.06377,binance-peg-dogecoin
2023-08-19 16:00:00,0.06359,0.06359,0.06318,0.06336,binance-peg-dogecoin
2023-08-19 20:00:00,0.06363,0.06432,0.06363,0.06396,binance-peg-dogecoin
2023-08-20 00:00:00,0.06375,0.06375,0.06335,0.06356,binance-peg-dogecoin
2023-08-20 04:00:00,0.06393,0.0641,0.06393,0.06408,binance-peg-dogecoin
2023-08-20 08:00:00,0.06404,0.06404,0.06395,0.06399,binance-peg-dogecoin
2023-08-20 12:00:00,0.06406,0.06413,0.06406,0.06413,binance-peg-dogecoin
2023-08-20 16:00:00,0.06424,0.06424,0.06376,0.06376,binance-peg-dogecoin
2023-08-20 20:00:00,0.06382,0.06382,0.06366,0.06379,binance-peg-dogecoin
2023-08-21 00:00:00,0.06393,0.06398,0.06382,0.06398,binance-peg-dogecoin
2023-08-21 04:00:00,0.06386,0.06392,0.06361,0.06392,binance-peg-dogecoin
2023-08-21 08:00:00,0.06375,0.06375,0.06341,0.06361,binance-peg-dogecoin
2023-08-21 12:00:00,0.06313,0.06319,0.06253,0.06253,binance-peg-dogecoin
2023-08-21 16:00:00,0.06253,0.06253,0.06253,0.06253,binance-peg-dogecoin
2023-07-22 16:00:00,0.31159,0.31229,0.31159,0.31218,cardano
2023-07-22 20:00:00,0.31334,0.31334,0.31093,0.31093,cardano
2023-07-23 00:00:00,0.31169,0.31268,0.31168,0.31168,cardano
2023-07-23 04:00:00,0.30817,0.31546,0.30817,0.31546,cardano
2023-07-23 08:00:00,0.31549,0.31557,0.3148,0.3148,cardano
2023-07-23 12:00:00,0.31576,0.31624,0.31508,0.31508,cardano
2023-07-23 16:00:00,0.31459,0.3154,0.31415,0.31438,cardano
2023-07-23 20:00:00,0.31444,0.31832,0.31444,0.31832,cardano
2023-07-24 00:00:00,0.31615,0.31745,0.31554,0.31554,cardano
2023-07-24 04:00:00,0.31703,0.31823,0.31316,0.31316,cardano
2023-07-24 08:00:00,0.3123,0.31348,0.3123,0.31288,cardano
2023-07-24 12:00:00,0.31491,0.31491,0.30714,0.30714,cardano
2023-07-24 16:00:00,0.30642,0.3072,0.30434,0.30434,cardano
2023-07-24 20:00:00,0.30239,0.30486,0.30239,0.30486,cardano
2023-07-25 00:00:00,0.30365,0.30512,0.30365,0.30454,cardano
2023-07-25 04:00:00,0.30534,0.30534,0.30408,0.30489,cardano
2023-07-25 08:00:00,0.30282,0.30457,0.30271,0.30363,cardano
2023-07-25 12:00:00,0.30279,0.30576,0.30279,0.3043,cardano
2023-07-25 16:00:00,0.30327,0.30545,0.30327,0.30384,cardano
2023-07-25 20:00:00,0.30453,0.30469,0.30414,0.30427,cardano
2023-07-26 00:00:00,0.30295,0.30473,0.30222,0.30473,cardano
2023-07-26 04:00:00,0.30389,0.30389,0.30209,0.30209,cardano
2023-07-26 08:00:00,0.30364,0.30364,0.30184,0.30219,cardano
2023-07-26 12:00:00,0.3018,0.30227,0.3009,0.30149,cardano
2023-07-26 16:00:00,0.30113,0.30402,0.30113,0.30402,cardano
2023-07-26 20:00:00,0.30524,0.30748,0.30402,0.30748,cardano
2023-07-27 00:00:00,0.30671,0.30939,0.30671,0.30701,cardano
2023-07-27 04:00:00,0.30657,0.30891,0.30617,0.30891,cardano
2023-07-27 08:00:00,0.3105,0.31244,0.3105,0.3109,cardano
2023-07-27 12:00:00,0.31075,0.31272,0.31075,0.31086,cardano
2023-07-27 16:00:00,0.31094,0.31094,0.30794,0.30794,cardano
2023-07-27 20:00:00,0.30885,0.30943,0.30686,0.30686,cardano
2023-07-28 00:00:00,0.30666,0.30786,0.30666,0.30717,cardano
2023-07-28 04:00:00,0.30757,0.31013,0.30757,0.30821,cardano
2023-07-28 08:00:00,0.30809,0.30849,0.30674,0.30756,cardano
2023-07-28 12:00:00,0.30842,0.31164,0.30842,0.31164,cardano
2023-07-28 16:00:00,0.31131,0.31226,0.31098,0.31226,cardano
2023-07-28 20:00:00,0.31113,0.31157,0.31018,0.31081,cardano
2023-07-29 00:00:00,0.3113,0.3113,0.31048,0.31048,cardano
2023-07-29 04:00:00,0.30992,0.31153,0.30992,0.31146,cardano
2023-07-29 08:00:00,0.3111,0.31186,0.31065,0.31065,cardano
2023-07-29 12:00:00,0.31075,0.31075,0.30916,0.30916,cardano
2023-07-29 16:00:00,0.30922,0.31037,0.30922,0.31002,cardano
2023-07-29 20:00:00,0.3107,0.31215,0.3107,0.31202,cardano
2023-07-30 00:00:00,0.31272,0.31335,0.31237,0.31237,cardano
2023-07-30 04:00:00,0.31261,0.3135,0.31261,0.3135,cardano
2023-07-30 08:00:00,0.31379,0.31778,0.31379,0.31544,cardano
2023-07-30 12:00:00,0.31497,0.31511,0.31466,0.31473,cardano
2023-07-30 16:00:00,0.31427,0.31471,0.31247,0.31471,cardano
2023-07-30 20:00:00,0.31483,0.31483,0.31406,0.31407,cardano
2023-07-31 00:00:00,0.30995,0.31107,0.30995,0.31073,cardano
2023-07-31 04:00:00,0.31534,0.31629,0.31519,0.31629,cardano
2023-07-31 08:00:00,0.31482,0.31482,0.31271,0.31271,cardano
2023-07-31 12:00:00,0.31272,0.31359,0.31272,0.31286,cardano
2023-07-31 16:00:00,0.31319,0.31437,0.31221,0.31225,cardano
2023-07-31 20:00:00,0.31169,0.31229,0.31098,0.31098,cardano
2023-08-01 00:00:00,0.3107,0.3107,0.30686,0.30686,cardano
2023-08-01 04:00:00,0.30735,0.30774,0.30125,0.30125,cardano
2023-08-01 08:00:00,0.30159,0.30489,0.30124,0.30489,cardano
2023-08-01 12:00:00,0.30512,0.30517,0.3049,0.30501,cardano
2023-08-01 16:00:00,0.30526,0.30538,0.30376,0.30376,cardano
2023-08-01 20:00:00,0.30469,0.306,0.30364,0.306,cardano
2023-08-02 00:00:00,0.30645,0.3066,0.30644,0.3066,cardano
2023-08-02 04:00:00,0.30937,0.31011,0.30877,0.30877,cardano
2023-08-02 08:00:00,0.30741,0.30741,0.30527,0.30527,cardano
2023-08-02 12:00:00,0.30583,0.30731,0.30583,0.30731,cardano
2023-08-02 16:00:00,0.30796,0.30796,0.30257,0.30257,cardano
2023-08-02 20:00:00,0.30292,0.30292,0.30023,0.30102,cardano
2023-08-03 00:00:00,0.30202,0.30202,0.29958,0.29958,cardano
2023-08-03 04:00:00,0.29918,0.30067,0.29918,0.29994,cardano
2023-08-03 08:00:00,0.29913,0.29913,0.29725,0.29725,cardano
2023-08-03 12:00:00,0.29489,0.2959,0.29409,0.2959,cardano
2023-08-03 16:00:00,0.2955,0.29696,0.2935,0.29696,cardano
2023-08-03 20:00:00,0.29614,0.2972,0.29563,0.29567,cardano
2023-08-04 00:00:00,0.29519,0.29519,0.29248,0.29248,cardano
2023-08-04 04:00:00,0.29244,0.29376,0.29244,0.29376,cardano
2023-08-04 08:00:00,0.29376,0.29387,0.29274,0.29274,cardano
2023-08-04 12:00:00,0.29223,0.29365,0.29223,0.29271,cardano
2023-08-04 16:00:00,0.2925,0.29582,0.2925,0.29582,cardano
2023-08-04 20:00:00,0.29585,0.2965,0.29261,0.29261,cardano
2023-08-05 00:00:00,0.29285,0.2933,0.29094,0.2933,cardano
2023-08-05 04:00:00,0.29349,0.29349,0.29082,0.29138,cardano
2023-08-05 08:00:00,0.29185,0.29185,0.29108,0.29108,cardano
2023-08-05 12:00:00,0.29068,0.29147,0.29068,0.29147,cardano
2023-08-05 16:00:00,0.29129,0.29184,0.29021,0.29184,cardano
2023-08-05 20:00:00,0.29102,0.29316,0.29078,0.29316,cardano
2023-08-06 00:00:00,0.29249,0.29288,0.29221,0.29288,cardano
2023-08-06 04:00:00,0.2936,0.29448,0.29323,0.29448,cardano
2023-08-06 08:00:00,0.29474,0.29496,0.2938,0.2938,cardano
2023-08-06 12:00:00,0.29412,0.2951,0.29379,0.29379,cardano
2023-08-06 16:00:00,0.29441,0.29441,0.29129,0.29129,cardano
2023-08-06 20:00:00,0.29076,0.29218,0.29076,0.29162,cardano
2023-08-07 00:00:00,0.29153,0.29239,0.29153,0.29239,cardano
2023-08-07 04:00:00,0.2917,0.29506,0.29143,0.29506,cardano
2023-08-07 08:00:00,0.29399,0.29399,0.29052,0.29052,cardano
2023-08-07 12:00:00,0.29135,0.29251,0.29135,0.29251,cardano
2023-08-07 16:00:00,0.292,0.29414,0.29152,0.29152,cardano
2023-08-07 20:00:00,0.2889,0.2889,0.28521,0.2883,cardano
2023-08-08 00:00:00,0.28773,0.29006,0.28773,0.29006,cardano
2023-08-08 04:00:00,0.29018,0.29083,0.2901,0.29035,cardano
2023-08-08 08:00:00,0.29101,0.29232,0.29101,0.2923,cardano
2023-08-08 12:00:00,0.29035,0.29179,0.29011,0.29179,cardano
2023-08-08 16:00:00,0.29254,0.29424,0.29254,0.29379,cardano
2023-08-08 20:00:00,0.29559,0.30034,0.29559,0.3001,cardano
2023-08-09 00:00:00,0.29941,0.30038,0.29935,0.29935,cardano
2023-08-09 04:00:00,0.29783,0.2986,0.29655,0.29655,cardano
2023-08-09 08:00:00,0.29715,0.298,0.29715,0.29778,cardano
2023-08-09 12:00:00,0.29904,0.29911,0.29869,0.29889,cardano
2023-08-09 16:00:00,0.29844,0.3007,0.29844,0.29901,cardano
2023-08-09 20:00:00,0.29801,0.29827,0.29765,0.29827,cardano
2023-08-10 00:00:00,0.29923,0.30142,0.29881,0.30142,cardano
2023-08-10 04:00:00,0.30121,0.30121,0.30028,0.30028,cardano
2023-08-10 08:00:00,0.3007,0.3007,0.29698,0.29698,cardano
2023-08-10 12:00:00,0.29735,0.29802,0.29735,0.29781,cardano
2023-08-10 16:00:00,0.2972,0.30003,0.2972,0.2981,cardano
2023-08-10 20:00:00,0.29759,0.29761,0.29716,0.29732,cardano
2023-08-11 00:00:00,0.29687,0.29707,0.29655,0.29655,cardano
2023-08-11 04:00:00,0.29596,0.29689,0.2956,0.2956,cardano
2023-08-11 08:00:00,0.29587,0.29668,0.29587,0.2965,cardano
2023-08-11 12:00:00,0.29594,0.29594,0.2953,0.29535,cardano
2023-08-11 16:00:00,0.29626,0.29626,0.29525,0.29593,cardano
2023-08-11 20:00:00,0.29367,0.29417,0.29367,0.29377,cardano
2023-08-12 00:00:00,0.29321,0.29321,0.29251,0.29307,cardano
2023-08-12 04:00:00,0.29332,0.29389,0.29284,0.29284,cardano
2023-08-12 08:00:00,0.29274,0.29311,0.29273,0.29311,cardano
2023-08-12 12:00:00,0.29387,0.29418,0.29378,0.29418,cardano
2023-08-12 16:00:00,0.29414,0.29418,0.29335,0.29418,cardano
2023-08-12 20:00:00,0.29359,0.29359,0.29192,0.29192,cardano
2023-08-13 00:00:00,0.29128,0.2919,0.29103,0.2919,cardano
2023-08-13 04:00:00,0.29182,0.29206,0.29121,0.29121,cardano
2023-08-13 08:00:00,0.29119,0.29119,0.29035,0.29037,cardano
2023-08-13 12:00:00,0.29044,0.2905,0.29025,0.29025,cardano
2023-08-13 16:00:00,0.29008,0.29145,0.29008,0.29145,cardano
2023-08-13 20:00:00,0.29092,0.29283,0.29085,0.29283,cardano
2023-08-14 00:00:00,0.29322,0.29322,0.28846,0.28846,cardano
2023-08-14 04:00:00,0.28937,0.28957,0.28907,0.28908,cardano
2023-08-14 08:00:00,0.29004,0.29096,0.29004,0.29033,cardano
2023-08-14 12:00:00,0.28992,0.29062,0.28992,0.2902,cardano
2023-08-14 16:00:00,0.28982,0.291,0.28945,0.291,cardano
2023-08-14 20:00:00,0.29137,0.29164,0.28908,0.28908,cardano
2023-08-15 00:00:00,0.2895,0.2908,0.2895,0.29069,cardano
2023-08-15 04:00:00,0.29046,0.29046,0.28956,0.28956,cardano
2023-08-15 08:00:00,0.28922,0.28947,0.28888,0.28947,cardano
2023-08-15 12:00:00,0.28984,0.28984,0.28886,0.28886,cardano
2023-08-15 16:00:00,0.28828,0.28903,0.28828,0.28903,cardano
2023-08-15 20:00:00,0.28823,0.28823,0.28727,0.28727,cardano
2023-08-16 00:00:00,0.28151,0.28329,0.28117,0.28117,cardano
2023-08-16 04:00:00,0.28165,0.28189,0.28132,0.28142,cardano
2023-08-16 08:00:00,0.28126,0.28126,0.27824,0.27824,cardano
2023-08-16 12:00:00,0.27916,0.27916,0.27667,0.27805,cardano
2023-08-16 16:00:00,0.27761,0.27761,0.27197,0.27431,cardano
2023-08-16 20:00:00,0.27361,0.27566,0.27361,0.27566,cardano
2023-08-17 00:00:00,0.27505,0.27505,0.2702,0.27346,cardano
2023-08-17 04:00:00,0.27436,0.27642,0.27232,0.27642,cardano
2023-08-17 08:00:00,0.27639,0.27766,0.27639,0.27665,cardano
2023-08-17 12:00:00,0.27616,0.27616,0.27524,0.27524,cardano
2023-08-17 16:00:00,0.2753,0.27683,0.27309,0.27309,cardano
2023-08-17 20:00:00,0.2695,0.27196,0.2695,0.27196,cardano
2023-08-18 00:00:00,0.27341,0.27341,0.2506,0.25446,cardano
2023-08-18 04:00:00,0.25583,0.25898,0.25583,0.25661,cardano
2023-08-18 08:00:00,0.25932,0.26447,0.25712,0.26447,cardano
2023-08-18 12:00:00,0.26367,0.26396,0.26255,0.26348,cardano
2023-08-18 16:00:00,0.26621,0.26621,0.26396,0.26396,cardano
2023-08-18 20:00:00,0.26274,0.26545,0.26143,0.26545,cardano
2023-08-19 00:00:00,0.26322,0.26445,0.26322,0.26402,cardano
2023-08-19 04:00:00,0.26374,0.26374,0.26193,0.26211,cardano
2023-08-19 08:00:00,0.26193,0.2626,0.26087,0.26142,cardano
2023-08-19 12:00:00,0.26256,0.26428,0.26256,0.26428,cardano
2023-08-19 16:00:00,0.26357,0.26744,0.26357,0.26744,cardano
2023-08-19 20:00:00,0.26889,0.26889,0.26787,0.26798,cardano
2023-08-20 00:00:00,0.26805,0.26805,0.26715,0.26715,cardano
2023-08-20 04:00:00,0.26819,0.26898,0.26756,0.26756,cardano
2023-08-20 08:00:00,0.26653,0.26673,0.26561,0.26561,cardano
2023-08-20 12:00:00,0.26562,0.26737,0.26562,0.26737,cardano
2023-08-20 16:00:00,0.26813,0.2686,0.26744,0.26744,cardano
2023-08-20 20:00:00,0.26889,0.27042,0.26832,0.27042,cardano
2023-08-21 00:00:00,0.27196,0.27196,0.27069,0.27069,cardano
2023-08-21 04:00:00,0.27054,0.27118,0.27054,0.27118,cardano
2023-08-21 08:00:00,0.27038,0.27038,0.26841,0.26841,cardano
2023-08-21 12:00:00,0.2672,0.26724,0.2653,0.2653,cardano
2023-08-21 16:00:00,0.26703,0.26703,0.26703,0.26703,cardano
2023-07-22 16:00:00,1885.62711,1887.74789,1885.62711,1887.74789,ethereum
2023-07-22 20:00:00,1888.39371,1890.25897,1883.96337,1883.96337,ethereum
2023-07-23 00:00:00,1887.02979,1888.18106,1884.51101,1884.51101,ethereum
2023-07-23 04:00:00,1858.3112,1872.31071,1858.3112,1872.31071,ethereum
2023-07-23 08:00:00,1869.7196,1876.9692,1869.7196,1875.36698,ethereum
2023-07-23 12:00:00,1874.17865,1878.42907,1874.17865,1874.94064,ethereum
2023-07-23 16:00:00,1875.01171,1875.01171,1874.06631,1874.09026,ethereum
2023-07-23 20:00:00,1873.97502,1904.07154,1873.97502,1904.07154,ethereum
2023-07-24 00:00:00,1887.67013,1892.50634,1881.75931,1885.16915,ethereum
2023-07-24 04:00:00,1887.82698,1888.40391,1874.13769,1874.13769,ethereum
2023-07-24 08:00:00,1868.50021,1870.82783,1868.50021,1869.65266,ethereum
2023-07-24 12:00:00,1875.8295,1875.8295,1850.38454,1850.38454,ethereum
2023-07-24 16:00:00,1851.65968,1852.86656,1844.19657,1844.19657,ethereum
2023-07-24 20:00:00,1842.30812,1847.75069,1842.11446,1847.75069,ethereum
2023-07-25 00:00:00,1848.8542,1850.25518,1846.38396,1846.38396,ethereum
2023-07-25 04:00:00,1850.43115,1853.07891,1848.61075,1853.07891,ethereum
2023-07-25 08:00:00,1851.1719,1851.78653,1847.15494,1851.78304,ethereum
2023-07-25 12:00:00,1850.52378,1857.90186,1850.52378,1854.22282,ethereum
2023-07-25 16:00:00,1852.53861,1863.82943,1852.53861,1855.31417,ethereum
2023-07-25 20:00:00,1858.71646,1860.24889,1857.59752,1860.24889,ethereum
2023-07-26 00:00:00,1856.69887,1862.70508,1856.69887,1860.37656,ethereum
2023-07-26 04:00:00,1857.59659,1857.59659,1853.75293,1854.96605,ethereum
2023-07-26 08:00:00,1860.13306,1860.13306,1854.71436,1857.82902,ethereum
2023-07-26 12:00:00,1853.32724,1854.88241,1850.17962,1851.83761,ethereum
2023-07-26 16:00:00,1850.71246,1858.85438,1850.71246,1857.80078,ethereum
2023-07-26 20:00:00,1860.67079,1870.36435,1857.71404,1870.36435,ethereum
2023-07-27 00:00:00,1872.26602,1883.59682,1870.05604,1870.05604,ethereum
2023-07-27 04:00:00,1871.03938,1874.81385,1868.60289,1874.81385,ethereum
2023-07-27 08:00:00,1877.12651,1879.89805,1873.50535,1873.50535,ethereum
2023-07-27 12:00:00,1875.13217,1883.6926,1875.13217,1878.84968,ethereum
2023-07-27 16:00:00,1877.66923,1877.66923,1868.37671,1868.37671,ethereum
2023-07-27 20:00:00,1870.27883,1870.27883,1861.88962,1861.88962,ethereum
2023-07-28 00:00:00,1860.53109,1860.53109,1858.01947,1858.01947,ethereum
2023-07-28 04:00:00,1859.6853,1863.77586,1859.6853,1860.74921,ethereum
2023-07-28 08:00:00,1861.18399,1863.08303,1857.66179,1859.07455,ethereum
2023-07-28 12:00:00,1860.78316,1867.07878,1860.78316,1866.72666,ethereum
2023-07-28 16:00:00,1867.83406,1877.29955,1867.83406,1877.29955,ethereum
2023-07-28 20:00:00,1874.62433,1877.72016,1870.09482,1875.45469,ethereum
2023-07-29 00:00:00,1874.61398,1876.51293,1874.61398,1875.89906,ethereum
2023-07-29 04:00:00,1874.694,1877.08683,1874.27878,1874.27878,ethereum
2023-07-29 08:00:00,1873.59765,1876.71565,1873.32753,1873.32753,ethereum
2023-07-29 12:00:00,1871.98084,1871.98084,1871.06356,1871.06356,ethereum
2023-07-29 16:00:00,1871.79644,1873.10464,1871.79644,1872.94332,ethereum
2023-07-29 20:00:00,1872.55007,1877.15661,1872.55007,1874.74598,ethereum
2023-07-30 00:00:00,1877.32252,1883.65205,1877.32252,1880.31704,ethereum
2023-07-30 04:00:00,1880.91808,1880.91808,1878.1017,1878.1017,ethereum
2023-07-30 08:00:00,1878.59639,1878.92079,1874.61294,1874.61294,ethereum
2023-07-30 12:00:00,1875.34209,1875.34209,1872.87014,1872.87014,ethereum
2023-07-30 16:00:00,1873.85941,1877.32045,1872.55282,1877.32045,ethereum
2023-07-30 20:00:00,1877.3626,1877.3626,1875.73338,1875.73338,ethereum
2023-07-31 00:00:00,1865.16388,1865.16388,1856.46137,1856.46137,ethereum
2023-07-31 04:00:00,1862.28487,1874.23786,1862.28487,1873.01754,ethereum
2023-07-31 08:00:00,1868.71924,1868.71924,1863.53304,1866.37718,ethereum
2023-07-31 12:00:00,1864.99124,1867.77351,1864.99124,1867.38453,ethereum
2023-07-31 16:00:00,1867.32468,1871.5088,1861.9958,1861.9958,ethereum
2023-07-31 20:00:00,1858.46924,1861.1919,1858.46924,1860.67169,ethereum
2023-08-01 00:00:00,1859.20926,1859.20926,1855.41304,1855.41304,ethereum
2023-08-01 04:00:00,1855.86257,1861.72708,1827.79415,1827.79415,ethereum
2023-08-01 08:00:00,1825.74344,1832.51034,1824.86426,1832.51034,ethereum
2023-08-01 12:00:00,1833.45691,1834.25515,1832.60801,1833.85668,ethereum
2023-08-01 16:00:00,1831.23612,1833.54247,1827.34051,1827.34051,ethereum
2023-08-01 20:00:00,1831.466,1846.89094,1831.466,1846.89094,ethereum
2023-08-02 00:00:00,1849.90386,1850.45399,1847.92007,1848.53209,ethereum
2023-08-02 04:00:00,1869.74511,1871.36962,1867.6059,1867.6059,ethereum
2023-08-02 08:00:00,1861.93101,1862.97892,1856.52938,1856.52938,ethereum
2023-08-02 12:00:00,1856.3015,1857.6296,1853.85294,1857.6296,ethereum
2023-08-02 16:00:00,1859.98357,1859.98357,1842.74253,1842.74253,ethereum
2023-08-02 20:00:00,1841.74339,1841.74339,1827.05455,1831.50441,ethereum
2023-08-03 00:00:00,1842.04853,1842.78283,1841.88826,1842.56205,ethereum
2023-08-03 04:00:00,1839.08476,1843.03881,1838.7185,1839.6315,ethereum
2023-08-03 08:00:00,1839.94215,1839.94215,1835.03956,1835.03956,ethereum
2023-08-03 12:00:00,1830.86102,1836.17462,1829.6962,1836.17462,ethereum
2023-08-03 16:00:00,1835.43405,1840.80927,1832.99565,1840.80927,ethereum
2023-08-03 20:00:00,1839.70297,1846.08281,1839.70297,1845.90072,ethereum
2023-08-04 00:00:00,1843.55183,1846.33793,1836.55979,1836.55979,ethereum
2023-08-04 04:00:00,1834.90546,1835.42893,1834.42944,1834.42944,ethereum
2023-08-04 08:00:00,1832.89207,1835.57614,1831.75887,1831.75887,ethereum
2023-08-04 12:00:00,1834.59131,1836.23898,1834.00347,1834.01215,ethereum
2023-08-04 16:00:00,1833.49474,1844.36074,1833.49474,1844.36074,ethereum
2023-08-04 20:00:00,1846.60622,1846.60622,1830.0556,1830.0556,ethereum
2023-08-05 00:00:00,1828.26209,1828.26209,1820.919,1827.0126,ethereum
2023-08-05 04:00:00,1828.60917,1829.9678,1825.99233,1827.99134,ethereum
2023-08-05 08:00:00,1828.86704,1830.01955,1827.01695,1829.29023,ethereum
2023-08-05 12:00:00,1828.67432,1830.1317,1828.65594,1829.65064,ethereum
2023-08-05 16:00:00,1830.4799,1833.8235,1829.09617,1833.8235,ethereum
2023-08-05 20:00:00,1832.6583,1835.02412,1829.81814,1835.02412,ethereum
2023-08-06 00:00:00,1833.85801,1835.96428,1833.22359,1835.96428,ethereum
2023-08-06 04:00:00,1835.07058,1835.07058,1833.70308,1834.6989,ethereum
2023-08-06 08:00:00,1831.79943,1834.31263,1831.27031,1831.27031,ethereum
2023-08-06 12:00:00,1832.70302,1834.32672,1828.32859,1828.32859,ethereum
2023-08-06 16:00:00,1830.2579,1830.2579,1826.48099,1826.48099,ethereum
2023-08-06 20:00:00,1826.81421,1831.76463,1826.81421,1831.00105,ethereum
2023-08-07 00:00:00,1829.30004,1829.30004,1827.15035,1827.15035,ethereum
2023-08-07 04:00:00,1826.70678,1842.35458,1826.32035,1842.35458,ethereum
2023-08-07 08:00:00,1835.60151,1838.02243,1828.8955,1828.8955,ethereum
2023-08-07 12:00:00,1833.19467,1833.19467,1829.86279,1832.87746,ethereum
2023-08-07 16:00:00,1830.66362,1834.06723,1827.0975,1827.0975,ethereum
2023-08-07 20:00:00,1816.0553,1820.04506,1809.74288,1820.04506,ethereum
2023-08-08 00:00:00,1824.14763,1824.9375,1824.14763,1824.86379,ethereum
2023-08-08 04:00:00,1826.93349,1831.71651,1825.28039,1827.05387,ethereum
2023-08-08 08:00:00,1827.68452,1834.01277,1827.68452,1832.52051,ethereum
2023-08-08 12:00:00,1828.13307,1830.96383,1828.13307,1830.96383,ethereum
2023-08-08 16:00:00,1833.92226,1839.12369,1833.92226,1837.68085,ethereum
2023-08-08 20:00:00,1844.40568,1856.75859,1844.40568,1856.75859,ethereum
2023-08-09 00:00:00,1858.63215,1861.13742,1856.99177,1856.99177,ethereum
2023-08-09 04:00:00,1856.30236,1858.93073,1854.64601,1854.64601,ethereum
2023-08-09 08:00:00,1853.96788,1857.29338,1853.96788,1857.29338,ethereum
2023-08-09 12:00:00,1860.05251,1861.46294,1859.44051,1861.46294,ethereum
2023-08-09 16:00:00,1862.73737,1869.54356,1858.7953,1858.7953,ethereum
2023-08-09 20:00:00,1853.48297,1854.40981,1847.51295,1852.52371,ethereum
2023-08-10 00:00:00,1850.38331,1853.83898,1850.38331,1853.83898,ethereum
2023-08-10 04:00:00,1855.89073,1856.06755,1853.69648,1854.12301,ethereum
2023-08-10 08:00:00,1852.06295,1852.06295,1849.97082,1849.97082,ethereum
2023-08-10 12:00:00,1850.64532,1851.65636,1850.52996,1851.65636,ethereum
2023-08-10 16:00:00,1849.19944,1860.60872,1849.19944,1851.07031,ethereum
2023-08-10 20:00:00,1853.37121,1853.37121,1846.49973,1848.22846,ethereum
2023-08-11 00:00:00,1847.98904,1850.85125,1847.77509,1850.85125,ethereum
2023-08-11 04:00:00,1850.87699,1852.26348,1843.85094,1843.85094,ethereum
2023-08-11 08:00:00,1843.77564,1847.12313,1843.77564,1847.12313,ethereum
2023-08-11 12:00:00,1847.09184,1847.09184,1845.03174,1846.11768,ethereum
2023-08-11 16:00:00,1849.45522,1851.47935,1847.46467,1851.47935,ethereum
2023-08-11 20:00:00,1842.63213,1842.73198,1840.88213,1842.67829,ethereum
2023-08-12 00:00:00,1843.22409,1846.17374,1843.22409,1846.17374,ethereum
2023-08-12 04:00:00,1847.54184,1851.43912,1847.54184,1848.04049,ethereum
2023-08-12 08:00:00,1847.15848,1847.93181,1845.87879,1847.93181,ethereum
2023-08-12 12:00:00,1849.17769,1849.55301,1847.42312,1849.55301,ethereum
2023-08-12 16:00:00,1850.10664,1852.22552,1850.10664,1852.22552,ethereum
2023-08-12 20:00:00,1850.72926,1850.92528,1847.85411,1847.85411,ethereum
2023-08-13 00:00:00,1846.43618,1848.62458,1846.43618,1848.62458,ethereum
2023-08-13 04:00:00,1848.55855,1850.03265,1848.55855,1849.54895,ethereum
2023-08-13 08:00:00,1848.69967,1848.69967,1846.82517,1847.54677,ethereum
2023-08-13 12:00:00,1848.09215,1849.66912,1848.09215,1849.34395,ethereum
2023-08-13 16:00:00,1847.96081,1849.7316,1847.96081,1848.44111,ethereum
2023-08-13 20:00:00,1847.6978,1854.39686,1845.69756,1854.39686,ethereum
2023-08-14 00:00:00,1857.57026,1857.57026,1836.95863,1836.95863,ethereum
2023-08-14 04:00:00,1839.51281,1841.92906,1838.79738,1841.92906,ethereum
2023-08-14 08:00:00,1843.86918,1848.71205,1843.86918,1847.26078,ethereum
2023-08-14 12:00:00,1846.29109,1848.28519,1846.29109,1847.30648,ethereum
2023-08-14 16:00:00,1845.90484,1851.56809,1843.83553,1851.56809,ethereum
2023-08-14 20:00:00,1851.86737,1852.801,1842.01464,1842.01464,ethereum
2023-08-15 00:00:00,1841.09645,1844.90795,1841.09645,1844.90795,ethereum
2023-08-15 04:00:00,1844.11482,1845.3789,1841.28387,1841.28387,ethereum
2023-08-15 08:00:00,1842.51532,1842.51532,1840.32181,1840.82236,ethereum
2023-08-15 12:00:00,1842.28735,1842.28735,1840.47934,1840.47934,ethereum
2023-08-15 16:00:00,1837.83246,1841.56672,1837.83246,1841.56672,ethereum
2023-08-15 20:00:00,1839.46146,1839.65174,1835.77698,1839.65174,ethereum
2023-08-16 00:00:00,1825.48478,1828.59066,1825.48478,1826.64289,ethereum
2023-08-16 04:00:00,1826.91313,1828.2325,1826.91313,1828.2325,ethereum
2023-08-16 08:00:00,1827.9172,1827.9172,1820.35452,1822.20429,ethereum
2023-08-16 12:00:00,1825.78603,1825.78603,1822.53432,1824.20565,ethereum
2023-08-16 16:00:00,1822.4971,1823.64569,1821.56905,1823.31261,ethereum
2023-08-16 20:00:00,1820.75878,1823.18593,1819.85176,1822.06638,ethereum
2023-08-17 00:00:00,1820.27003,1820.27003,1805.56007,1811.52017,ethereum
2023-08-17 04:00:00,1805.71931,1805.71931,1787.88316,1794.54143,ethereum
2023-08-17 08:00:00,1796.81929,1800.44913,1796.47011,1800.44913,ethereum
2023-08-17 12:00:00,1796.92838,1796.92838,1786.70759,1786.70759,ethereum
2023-08-17 16:00:00,1786.98995,1789.75082,1779.61552,1779.61552,ethereum
2023-08-17 20:00:00,1739.83782,1740.5452,1734.01831,1734.01831,ethereum
2023-08-18 00:00:00,1737.14584,1737.14584,1597.36804,1667.97046,ethereum
2023-08-18 04:00:00,1683.04138,1689.04134,1682.37998,1682.37998,ethereum
2023-08-18 08:00:00,1674.94033,1689.81752,1667.46556,1689.81752,ethereum
2023-08-18 12:00:00,1688.84559,1692.97234,1682.85244,1682.85244,ethereum
2023-08-18 16:00:00,1686.33301,1686.33301,1665.63298,1665.63298,ethereum
2023-08-18 20:00:00,1659.94829,1669.0938,1659.94829,1669.0938,ethereum
2023-08-19 00:00:00,1658.98574,1664.29478,1658.98574,1662.32626,ethereum
2023-08-19 04:00:00,1661.19615,1669.52743,1660.25544,1660.25544,ethereum
2023-08-19 08:00:00,1658.67253,1661.65682,1655.45331,1655.45331,ethereum
2023-08-19 12:00:00,1659.65883,1662.08121,1659.65883,1661.54556,ethereum
2023-08-19 16:00:00,1660.95636,1661.95395,1660.28744,1661.95395,ethereum
2023-08-19 20:00:00,1675.06525,1689.89681,1675.06525,1679.4949,ethereum
2023-08-20 00:00:00,1677.8269,1677.8269,1665.48834,1665.48834,ethereum
2023-08-20 04:00:00,1669.23345,1673.30945,1665.0027,1668.47571,ethereum
2023-08-20 08:00:00,1667.70369,1667.70369,1663.45347,1663.45347,ethereum
2023-08-20 12:00:00,1665.25165,1671.59376,1665.25165,1671.59376,ethereum
2023-08-20 16:00:00,1673.54192,1675.81316,1670.99344,1670.99344,ethereum
2023-08-20 20:00:00,1669.51918,1677.98855,1667.19453,1677.98855,ethereum
2023-08-21 00:00:00,1678.10351,1689.26264,1678.10351,1683.95696,ethereum
2023-08-21 04:00:00,1685.28942,1685.28942,1678.55019,1678.55019,ethereum
2023-08-21 08:00:00,1676.94453,1678.82704,1672.69772,1672.69772,ethereum
2023-08-21 12:00:00,1670.61803,1672.38635,1666.87714,1666.87714,ethereum
2023-08-21 16:00:00,1671.2406,1671.2406,1671.2406,1671.2406,ethereum
2023-07-22 16:00:00,29842.8862,29866.96089,29842.8862,29866.96089,bitcoin
2023-07-22 20:00:00,29893.08946,29903.45352,29821.20833,29821.20833,bitcoin
2023-07-23 00:00:00,29833.47897,29838.89054,29813.81423,29813.81423,bitcoin
2023-07-23 04:00:00,29710.15594,29874.47135,29710.15594,29874.47135,bitcoin
2023-07-23 08:00:00,29852.71715,29956.00905,29852.71715,29919.26265,bitcoin
2023-07-23 12:00:00,29897.8342,29954.15259,29891.91276,29891.91276,bitcoin
2023-07-23 16:00:00,29891.98903,29918.44416,29891.98903,29896.72063,bitcoin
2023-07-23 20:00:00,29897.14585,30271.92956,29897.14585,30271.92956,bitcoin
2023-07-24 00:00:00,30054.9953,30131.15391,30003.69407,30028.10487,bitcoin
2023-07-24 04:00:00,30057.95672,30057.95672,29775.46617,29775.46617,bitcoin
2023-07-24 08:00:00,29708.16126,29788.06072,29708.16126,29781.25713,bitcoin
2023-07-24 12:00:00,29837.97155,29837.97155,29322.36663,29322.36663,bitcoin
2023-07-24 16:00:00,29260.16464,29260.16464,29077.36391,29077.36391,bitcoin
2023-07-24 20:00:00,29083.45118,29109.61912,29045.90244,29078.38353,bitcoin
2023-07-25 00:00:00,29116.66924,29166.45665,29116.66924,29166.45665,bitcoin
2023-07-25 04:00:00,29184.90191,29184.90191,29082.48358,29135.23133,bitcoin
2023-07-25 08:00:00,29108.8661,29137.44323,29080.48425,29137.44323,bitcoin
2023-07-25 12:00:00,29141.17896,29212.01691,29141.17896,29159.89798,bitcoin
2023-07-25 16:00:00,29119.73992,29263.26002,29118.69112,29175.07737,bitcoin
2023-07-25 20:00:00,29203.07288,29262.71185,29203.07288,29262.71185,bitcoin
2023-07-26 00:00:00,29200.77936,29225.5825,29200.77936,29215.01489,bitcoin
2023-07-26 04:00:00,29222.97463,29222.97463,29131.4328,29183.58302,bitcoin
2023-07-26 08:00:00,29247.80566,29271.02434,29195.27276,29245.37087,bitcoin
2023-07-26 12:00:00,29205.5012,29210.97711,29183.90997,29191.18713,bitcoin
2023-07-26 16:00:00,29167.30954,29307.75343,29167.30954,29267.68783,bitcoin
2023-07-26 20:00:00,29313.49919,29343.71801,29276.65167,29343.71801,bitcoin
2023-07-27 00:00:00,29354.73989,29614.69857,29354.73989,29460.63779,bitcoin
2023-07-27 04:00:00,29363.67291,29390.15178,29325.29799,29390.15178,bitcoin
2023-07-27 08:00:00,29428.22251,29475.12359,29396.68296,29396.68296,bitcoin
2023-07-27 12:00:00,29416.06375,29550.52356,29416.06375,29489.24144,bitcoin
2023-07-27 16:00:00,29513.00545,29513.00545,29372.6824,29372.6824,bitcoin
2023-07-27 20:00:00,29327.96201,29327.96201,29178.74546,29178.74546,bitcoin
2023-07-28 00:00:00,29155.34816,29200.96257,29146.41447,29200.96257,bitcoin
2023-07-28 04:00:00,29201.23636,29276.09324,29193.96481,29193.96481,bitcoin
2023-07-28 08:00:00,29225.13019,29259.34142,29172.58987,29177.05744,bitcoin
2023-07-28 12:00:00,29144.2569,29212.09669,29144.2569,29212.09669,bitcoin
2023-07-28 16:00:00,29222.65479,29437.32961,29222.65479,29437.32961,bitcoin
2023-07-28 20:00:00,29387.54866,29387.54866,29237.36687,29306.41405,bitcoin
2023-07-29 00:00:00,29313.49333,29329.50492,29300.31396,29300.31396,bitcoin
2023-07-29 04:00:00,29314.09739,29372.85801,29314.09739,29371.93585,bitcoin
2023-07-29 08:00:00,29365.56071,29386.99785,29344.33622,29344.33622,bitcoin
2023-07-29 12:00:00,29307.86633,29307.86633,29279.06221,29290.90712,bitcoin
2023-07-29 16:00:00,29275.95213,29300.21823,29275.95213,29291.7622,bitcoin
2023-07-29 20:00:00,29291.87717,29323.60843,29291.87717,29305.31103,bitcoin
2023-07-30 00:00:00,29335.43443,29355.53373,29335.43443,29355.53373,bitcoin
2023-07-30 04:00:00,29356.74775,29356.74775,29313.8451,29313.8451,bitcoin
2023-07-30 08:00:00,29316.49475,29323.67309,29276.73566,29276.73566,bitcoin
2023-07-30 12:00:00,29291.42969,29294.89249,29254.76713,29254.76713,bitcoin
2023-07-30 16:00:00,29280.92441,29333.33544,29277.3417,29333.33544,bitcoin
2023-07-30 20:00:00,29377.38782,29380.71287,29357.07852,29357.07852,bitcoin
2023-07-31 00:00:00,29173.8834,29210.31145,29158.2083,29158.2083,bitcoin
2023-07-31 04:00:00,29277.75581,29480.74529,29277.75581,29480.74529,bitcoin
2023-07-31 08:00:00,29419.43785,29419.43785,29381.9997,29401.47833,bitcoin
2023-07-31 12:00:00,29379.29109,29385.90385,29370.64032,29371.85955,bitcoin
2023-07-31 16:00:00,29389.80258,29449.0908,29301.70086,29301.70086,bitcoin
2023-07-31 20:00:00,29250.0066,29250.0066,29197.54499,29197.54499,bitcoin
2023-08-01 00:00:00,29220.00555,29239.48549,29208.63868,29208.63868,bitcoin
2023-08-01 04:00:00,29225.78904,29283.25748,28933.58944,28933.58944,bitcoin
2023-08-01 08:00:00,28836.36289,28923.04709,28836.36289,28923.04709,bitcoin
2023-08-01 12:00:00,28922.76853,28950.68944,28914.78046,28914.78046,bitcoin
2023-08-01 16:00:00,28876.07276,28878.68937,28811.35032,28811.35032,bitcoin
2023-08-01 20:00:00,28893.17368,29162.21155,28893.17368,29162.21155,bitcoin
2023-08-02 00:00:00,29257.22551,29257.22551,29190.62419,29199.1529,bitcoin
2023-08-02 04:00:00,29694.16408,29874.28026,29694.16408,29824.98457,bitcoin
2023-08-02 08:00:00,29613.43761,29654.77875,29545.91393,29545.91393,bitcoin
2023-08-02 12:00:00,29569.17403,29569.17403,29434.31116,29513.00499,bitcoin
2023-08-02 16:00:00,29530.81008,29530.81008,29287.23069,29287.23069,bitcoin
2023-08-02 20:00:00,29316.11142,29316.11142,29063.91492,29113.9596,bitcoin
2023-08-03 00:00:00,29163.6056,29179.08755,29124.14196,29179.08755,bitcoin
2023-08-03 04:00:00,29153.01856,29216.64832,29153.01856,29158.70247,bitcoin
2023-08-03 08:00:00,29166.05395,29166.05395,29082.23742,29082.23742,bitcoin
2023-08-03 12:00:00,29010.54362,29156.41933,29010.54362,29156.41933,bitcoin
2023-08-03 16:00:00,29107.67141,29362.22553,29068.72167,29362.22553,bitcoin
2023-08-03 20:00:00,29232.17684,29287.20591,29215.0377,29245.26224,bitcoin
2023-08-04 00:00:00,29258.0978,29289.15825,29220.72258,29220.72258,bitcoin
2023-08-04 04:00:00,29172.60761,29185.57465,29158.3374,29158.3374,bitcoin
2023-08-04 08:00:00,29137.03146,29218.41278,29137.03146,29162.44089,bitcoin
2023-08-04 12:00:00,29162.87256,29170.95872,29140.92827,29140.92827,bitcoin
2023-08-04 16:00:00,29150.25348,29228.35469,29150.25348,29228.35469,bitcoin
2023-08-04 20:00:00,29255.67871,29255.67871,29006.38624,29006.38624,bitcoin
2023-08-05 00:00:00,28994.49595,29031.83584,28942.92963,29031.83584,bitcoin
2023-08-05 04:00:00,29080.3017,29084.13577,29036.49761,29046.94287,bitcoin
2023-08-05 08:00:00,29052.63433,29052.63433,29003.61234,29022.01992,bitcoin
2023-08-05 12:00:00,29012.49297,29033.15596,29012.49297,29017.11478,bitcoin
2023-08-05 16:00:00,29011.88597,29037.45003,28975.30565,29037.45003,bitcoin
2023-08-05 20:00:00,29012.99468,29041.88535,28999.88165,29041.88535,bitcoin
2023-08-06 00:00:00,29036.34609,29056.16177,29032.53883,29056.16177,bitcoin
2023-08-06 04:00:00,29046.80046,29046.80046,29019.35057,29036.8464,bitcoin
2023-08-06 08:00:00,29028.03085,29062.06457,29022.50897,29022.50897,bitcoin
2023-08-06 12:00:00,29058.8616,29083.60418,29018.87701,29018.87701,bitcoin
2023-08-06 16:00:00,29031.81895,29031.81895,28987.22643,28987.22643,bitcoin
2023-08-06 20:00:00,28978.4154,29049.80513,28978.4154,29049.41106,bitcoin
2023-08-07 00:00:00,29044.47746,29047.04872,29038.83451,29047.04872,bitcoin
2023-08-07 04:00:00,29044.20438,29164.21192,29003.6872,29164.21192,bitcoin
2023-08-07 08:00:00,29106.42474,29138.02632,29005.30001,29005.30001,bitcoin
2023-08-07 12:00:00,29019.6206,29087.80663,29017.80837,29087.80663,bitcoin
2023-08-07 16:00:00,29031.58657,29062.17213,28980.56575,28980.56575,bitcoin
2023-08-07 20:00:00,28803.77343,29057.43803,28803.77343,29057.43803,bitcoin
2023-08-08 00:00:00,29070.22569,29177.0239,29070.22569,29148.42646,bitcoin
2023-08-08 04:00:00,29178.14775,29178.14775,29123.542,29159.8065,bitcoin
2023-08-08 08:00:00,29157.50729,29217.80387,29157.50729,29211.2388,bitcoin
2023-08-08 12:00:00,29156.63525,29235.76411,29148.57045,29235.76411,bitcoin
2023-08-08 16:00:00,29321.5752,29473.16404,29321.5752,29427.30659,bitcoin
2023-08-08 20:00:00,29513.1681,29809.59939,29513.1681,29809.59939,bitcoin
2023-08-09 00:00:00,29842.80715,29976.21199,29744.85828,29744.85828,bitcoin
2023-08-09 04:00:00,29779.56167,29847.46699,29669.8719,29669.8719,bitcoin
2023-08-09 08:00:00,29702.9117,29746.09065,29702.9117,29717.8233,bitcoin
2023-08-09 12:00:00,29777.11434,29815.60588,29777.11434,29807.93088,bitcoin
2023-08-09 16:00:00,29861.21945,30001.63438,29855.02221,29855.02221,bitcoin
2023-08-09 20:00:00,29751.89575,29751.89575,29457.98532,29515.41242,bitcoin
2023-08-10 00:00:00,29482.86136,29550.69547,29471.02334,29550.69547,bitcoin
2023-08-10 04:00:00,29585.48808,29604.65643,29577.37758,29594.64364,bitcoin
2023-08-10 08:00:00,29561.66397,29561.66397,29509.32784,29509.32784,bitcoin
2023-08-10 12:00:00,29482.74289,29512.32729,29474.46715,29509.06277,bitcoin
2023-08-10 16:00:00,29460.60818,29618.51267,29460.60818,29466.0866,bitcoin
2023-08-10 20:00:00,29469.2984,29469.2984,29399.67513,29401.69947,bitcoin
2023-08-11 00:00:00,29406.76406,29445.98109,29406.76406,29445.98109,bitcoin
2023-08-11 04:00:00,29423.81892,29467.00527,29346.46861,29346.46861,bitcoin
2023-08-11 08:00:00,29359.89143,29401.40243,29359.89143,29401.40243,bitcoin
2023-08-11 12:00:00,29385.01841,29385.01841,29344.51866,29355.7259,bitcoin
2023-08-11 16:00:00,29413.48694,29462.80878,29379.60753,29462.80878,bitcoin
2023-08-11 20:00:00,29332.82158,29339.53964,29308.31153,29339.53964,bitcoin
2023-08-12 00:00:00,29361.80661,29417.47242,29361.80661,29417.47242,bitcoin
2023-08-12 04:00:00,29396.84797,29434.52464,29382.01375,29382.01375,bitcoin
2023-08-12 08:00:00,29374.47819,29392.06362,29374.47819,29387.89853,bitcoin
2023-08-12 12:00:00,29398.44635,29405.38256,29365.86226,29405.38256,bitcoin
2023-08-12 16:00:00,29414.25418,29434.68084,29401.2885,29434.68084,bitcoin
2023-08-12 20:00:00,29435.93961,29443.68975,29408.70149,29408.70149,bitcoin
2023-08-13 00:00:00,29396.96159,29409.32126,29387.70228,29409.32126,bitcoin
2023-08-13 04:00:00,29414.27868,29430.39651,29414.27868,29429.80936,bitcoin
2023-08-13 08:00:00,29401.06865,29401.06865,29364.76175,29374.02789,bitcoin
2023-08-13 12:00:00,29376.27589,29391.57744,29376.27589,29391.57744,bitcoin
2023-08-13 16:00:00,29357.70656,29371.97927,29354.0049,29354.0049,bitcoin
2023-08-13 20:00:00,29357.30921,29397.11696,29329.63263,29397.11696,bitcoin
2023-08-14 00:00:00,29437.75017,29437.75017,29289.37391,29289.37391,bitcoin
2023-08-14 04:00:00,29284.96971,29284.96971,29212.17502,29279.11447,bitcoin
2023-08-14 08:00:00,29345.75084,29416.34847,29345.75084,29390.22674,bitcoin
2023-08-14 12:00:00,29362.22245,29402.24217,29362.22245,29390.36511,bitcoin
2023-08-14 16:00:00,29363.64812,29506.89594,29327.36785,29506.89594,bitcoin
2023-08-14 20:00:00,29566.40029,29652.92121,29295.83595,29295.83595,bitcoin
2023-08-15 00:00:00,29327.43938,29424.76026,29327.43938,29424.76026,bitcoin
2023-08-15 04:00:00,29400.5868,29400.5868,29344.43692,29344.43692,bitcoin
2023-08-15 08:00:00,29349.91371,29351.61102,29341.66613,29341.66613,bitcoin
2023-08-15 12:00:00,29389.99158,29393.61844,29364.89354,29364.89354,bitcoin
2023-08-15 16:00:00,29330.76812,29392.99268,29325.62658,29392.99268,bitcoin
2023-08-15 20:00:00,29295.37242,29308.965,29248.67823,29308.965,bitcoin
2023-08-16 00:00:00,29144.07256,29197.84574,29144.07256,29156.07939,bitcoin
2023-08-16 04:00:00,29164.11515,29198.38137,29164.11515,29198.38137,bitcoin
2023-08-16 08:00:00,29204.49296,29204.49296,29116.45163,29137.52218,bitcoin
2023-08-16 12:00:00,29162.91461,29162.91461,29121.65214,29162.80705,bitcoin
2023-08-16 16:00:00,29117.81596,29136.20921,29087.32951,29107.14051,bitcoin
2023-08-16 20:00:00,29118.2368,29141.53014,29018.64596,29141.53014,bitcoin
2023-08-17 00:00:00,29114.67565,29114.67565,28898.88614,28898.88614,bitcoin
2023-08-17 04:00:00,28704.2017,28704.2017,28428.91676,28558.58686,bitcoin
2023-08-17 08:00:00,28618.00944,28648.97747,28608.59131,28648.97747,bitcoin
2023-08-17 12:00:00,28573.40743,28573.40743,28506.60606,28506.60606,bitcoin
2023-08-17 16:00:00,28522.27907,28522.27907,28321.65792,28321.65792,bitcoin
2023-08-17 20:00:00,28049.97312,28049.97312,27849.65828,27849.65828,bitcoin
2023-08-18 00:00:00,27895.54511,27895.54511,26226.26269,26519.48213,bitcoin
2023-08-18 04:00:00,26646.45448,26668.80554,26568.6703,26568.6703,bitcoin
2023-08-18 08:00:00,26380.11236,26497.26444,26262.98306,26497.26444,bitcoin
2023-08-18 12:00:00,26414.91589,26542.12749,26414.91589,26434.43738,bitcoin
2023-08-18 16:00:00,26490.18506,26490.18506,26145.13163,26145.13163,bitcoin
2023-08-18 20:00:00,26023.76724,26200.12428,26023.76724,26200.12428,bitcoin
2023-08-19 00:00:00,26040.81931,26140.16314,26040.81931,26065.71931,bitcoin
2023-08-19 04:00:00,26047.85227,26108.29812,26016.61002,26016.61002,bitcoin
2023-08-19 08:00:00,25946.43762,25981.18005,25847.29585,25847.29585,bitcoin
2023-08-19 12:00:00,25890.77781,25936.44052,25890.77781,25908.61207,bitcoin
2023-08-19 16:00:00,25916.30898,25991.16773,25916.30898,25991.16773,bitcoin
2023-08-19 20:00:00,26112.36766,26151.75985,26099.78793,26117.06817,bitcoin
2023-08-20 00:00:00,26115.91296,26115.91296,26048.87877,26048.87877,bitcoin
2023-08-20 04:00:00,26104.77863,26178.06135,26048.90226,26085.30093,bitcoin
2023-08-20 08:00:00,26097.71507,26104.79029,26061.31404,26061.31404,bitcoin
2023-08-20 12:00:00,26079.53269,26142.29674,26079.53269,26142.29674,bitcoin
2023-08-20 16:00:00,26165.9815,26174.95403,26102.20377,26102.20377,bitcoin
2023-08-20 20:00:00,26063.56534,26137.09657,26031.12963,26137.09657,bitcoin
2023-08-21 00:00:00,26137.3535,26219.85216,26137.3535,26219.85216,bitcoin
2023-08-21 04:00:00,26160.70042,26160.70042,26091.92955,26091.92955,bitcoin
2023-08-21 08:00:00,26083.62702,26095.68049,26045.59864,26065.38538,bitcoin
2023-08-21 12:00:00,26018.40565,26048.052,25950.48295,25950.48295,bitcoin
2023-08-21 16:00:00,26016.20089,26016.20089,26016.20089,26016.20089,bitcoin
