crip_id,timestamp,price,market_cap,total_volume
binance-coin-wormhole,1678579200000,0.008804558282556689,0.0,1.1214547128426842e-07
binance-coin-wormhole,1678665600000,0.009288018024480546,0.0,7.795244668531887e-08
binance-coin-wormhole,1678752000000,0.009771234492299384,0.0,1.1402764370828876e-07
binance-coin-wormhole,1678838400000,0.009944256123875048,0.0,1.4200740946760207e-08
binance-coin-wormhole,1678924800000,0.009791399848570614,0.0,2.166031613929153e-08
binance-coin-wormhole,1679011200000,0.010627932680267444,0.0,2.5326662102123692e-08
binance-coin-wormhole,1679097600000,0.010840521175496342,0.0,1.7404777125465072e-08
binance-coin-wormhole,1679184000000,0.010568656798043244,0.0,2.8110947322065553e-08
binance-coin-wormhole,1679270400000,0.010770968631863243,0.0,1.842733516037997e-08
binance-coin-wormhole,1679356800000,0.010569699537638482,0.0,1.3795814110363384e-08
binance-coin-wormhole,1679443200000,0.01062466199507774,0.0,5.7549569038267745e-08
binance-coin-wormhole,1679529600000,0.010380881625515592,0.0,7.170654979503411e-08
binance-coin-wormhole,1679616000000,0.010525801122894437,0.0,3.166021422216216e-08
binance-coin-wormhole,1679702400000,0.010525306942555615,0.0,2.7034597790550644e-08
binance-coin-wormhole,1679788800000,0.010106158697827175,0.0,1.9112067198548216e-08
binance-coin-wormhole,1679875200000,0.01044252346766312,0.0,3.278042757058436e-09
binance-coin-wormhole,1679961600000,0.010054629744325036,0.0,1.0382766005955463e-08
binance-coin-wormhole,1680048000000,0.010509773652446099,0.0,6.676709525656246e-08
binance-coin-wormhole,1680134400000,0.010236510687393164,0.0,6.615206891149616e-09
binance-coin-wormhole,1680220800000,0.010024417644524554,0.0,2.4044739323421413e-08
binance-coin-wormhole,1680307200000,0.0098590357738626,0.0,1.9847568079661375e-08
binance-coin-wormhole,1680393600000,0.01063125297429425,0.0,2.450920950220854e-08
binance-coin-wormhole,1680480000000,0.009994401118024186,0.0,2.5785761935096415e-08
binance-coin-wormhole,1680566400000,0.009815447732355808,0.0,7.628328411955084e-09
binance-coin-wormhole,1680652800000,0.009852717643250148,0.0,7.003288604742387e-09
binance-coin-wormhole,1680739200000,0.009988058819003914,0.0,1.50280374544242e-08
binance-coin-wormhole,1680825600000,0.009935844563937963,0.0,4.143402609760352e-08
binance-coin-wormhole,1680912000000,0.009929076137727203,0.0,1.9779391740754433e-09
binance-coin-wormhole,1680998400000,0.009841681267021785,0.0,1.7773249136111792e-08
binance-coin-wormhole,1681084800000,0.009918920954368131,0.0,9.437709432205296e-09
binance-coin-wormhole,1681171200000,0.010038251195952592,0.0,8.681730978857048e-09
binance-coin-wormhole,1681257600000,0.010226680187512818,0.0,7.192605901192886e-08
binance-coin-wormhole,1681344000000,0.010253025342062273,0.0,2.8792185441902604e-08
binance-coin-wormhole,1681430400000,0.010248830851284226,0.0,3.751673946284971e-08
binance-coin-wormhole,1681516800000,0.010578794491107182,0.0,3.33146018144262e-08
binance-coin-wormhole,1681603200000,0.010041981398896224,0.0,3.940991842011101e-08
binance-coin-wormhole,1681689600000,0.011067174730059755,0.0,3.340119367773129e-08
binance-coin-wormhole,1681776000000,0.010611034511126893,0.0,9.956364350938966e-08
binance-coin-wormhole,1681862400000,0.010894590991873126,0.0,1.3723002854784553e-08
binance-coin-wormhole,1681948800000,0.010183375488787167,0.0,6.196537429309552e-08
binance-coin-wormhole,1682035200000,0.010059501904538111,0.0,1.1169910595501568e-07
binance-coin-wormhole,1682121600000,0.010103876691320483,0.0,2.5737836216406187e-08
binance-coin-wormhole,1682208000000,0.010508264716984248,0.0,4.308122560887394e-08
binance-coin-wormhole,1682294400000,0.012321072750397644,0.0,3.978337755035201e-08
binance-coin-wormhole,1682380800000,0.010543203012534794,0.0,2.911754277654143e-08
binance-coin-wormhole,1682467200000,0.010949147674465316,0.0,8.843904719737787e-09
binance-coin-wormhole,1682553600000,0.010638558193562887,0.0,5.370615529929715e-08
binance-coin-wormhole,1682640000000,0.010550663100416689,0.0,8.984668716496656e-09
binance-coin-wormhole,1682726400000,0.010202595415105166,0.0,7.359251305139402e-08
binance-coin-wormhole,1682812800000,0.01017880765970939,0.0,9.721471185762838e-09
binance-coin-wormhole,1682899200000,0.010649340483503786,0.0,7.878248705819404e-08
binance-coin-wormhole,1682985600000,0.010321630865715309,0.0,1.0997848237146309e-07
binance-coin-wormhole,1683072000000,0.010206361870660523,0.0,1.4351983246024195e-08
binance-coin-wormhole,1683158400000,0.010305244685214082,0.0,1.0459538128930998e-08
binance-coin-wormhole,1683244800000,0.010251547889131659,0.0,8.346739475143909e-09
binance-coin-wormhole,1683331200000,0.010680797256306943,0.0,2.1161621442305633e-08
binance-coin-wormhole,1683417600000,0.010216991200020358,0.0,3.787087846761504e-08
binance-coin-wormhole,1683504000000,0.010142242448706191,0.0,7.577125423494975e-08
binance-coin-wormhole,1683590400000,0.009879399883487605,0.0,5.5059889838166325e-08
binance-coin-wormhole,1683676800000,0.009946944859244902,0.0,3.674839160643714e-08
binance-coin-wormhole,1683763200000,0.01007576215491439,0.0,2.6601310487620603e-08
binance-coin-wormhole,1683849600000,0.009771484126511725,0.0,8.061110448107453e-08
binance-coin-wormhole,1683936000000,0.00977215956990919,0.0,1.9384453002598554e-08
binance-coin-wormhole,1684022400000,0.009773816059860885,0.0,1.098170509156033e-07
binance-coin-wormhole,1684108800000,0.009929991675176027,0.0,3.5587923919605585e-08
binance-coin-wormhole,1684195200000,0.009913050257305694,0.0,7.443300923650076e-09
binance-coin-wormhole,1684281600000,0.009880531028574604,0.0,2.3583063021829784e-09
binance-coin-wormhole,1684368000000,0.0099248418962784,0.0,1.518473727483645e-08
binance-coin-wormhole,1684454400000,0.009888916830077036,0.0,4.723007409776975e-08
binance-coin-wormhole,1684540800000,0.009734905877288518,0.0,1.8492476712823668e-08
binance-coin-wormhole,1684627200000,0.010004090423522011,0.0,2.2633218758792947e-08
binance-coin-wormhole,1684713600000,0.009713088801146085,0.0,4.1458973779284574e-08
binance-coin-wormhole,1684800000000,0.009834743661956288,0.0,3.998335858024231e-09
binance-coin-wormhole,1684886400000,0.009935335755352303,0.0,9.59550196521816e-09
binance-coin-wormhole,1684972800000,0.009705189865859056,0.0,6.902784685122416e-08
binance-coin-wormhole,1685059200000,0.009731939523234113,0.0,3.341154078567457e-08
binance-coin-wormhole,1685145600000,0.0096946890106671,0.0,5.28255463278083e-08
binance-coin-wormhole,1685232000000,0.00979138331229158,0.0,1.132546107759245e-08
binance-coin-wormhole,1685318400000,0.009961171147299998,0.0,4.014390020629756e-08
binance-coin-wormhole,1685404800000,0.009838684384452238,0.0,5.7111817667746566e-08
binance-coin-wormhole,1685491200000,0.009984941094395275,0.0,2.0053517648091927e-08
binance-coin-wormhole,1685577600000,0.009804118791190688,0.0,5.3845390706786124e-08
binance-coin-wormhole,1685664000000,0.009635624920016682,0.0,1.1734043236156422e-08
binance-coin-wormhole,1685750400000,0.010052584015805312,0.0,1.6264073208877527e-08
binance-coin-wormhole,1685836800000,0.009820686870761292,0.0,3.047979115197654e-08
binance-coin-wormhole,1685923200000,0.009627014288720459,0.0,9.381477889379421e-09
binance-coin-wormhole,1686009600000,0.008793216303171562,0.0,4.103408983328945e-08
binance-coin-wormhole,1686096000000,0.00896476747793466,0.0,2.1780811439367713e-08
binance-coin-wormhole,1686182400000,0.008434473177722125,0.0,8.080390524716877e-08
binance-coin-wormhole,1686268800000,0.008500691117086945,0.0,1.5113950903745015e-08
binance-coin-wormhole,1686355200000,0.008183024744768693,0.0,1.6008665016876265e-08
binance-coin-wormhole,1686441600000,0.007645686943703772,0.0,1.6320105370494286e-08
binance-coin-wormhole,1686528000000,0.007548706119244491,0.0,4.80139805443719e-09
binance-coin-wormhole,1686614400000,0.00741423627819367,0.0,3.356736885274825e-08
binance-coin-wormhole,1686700800000,0.007741607220267315,0.0,2.181582485118178e-08
binance-coin-wormhole,1686787200000,0.0075454573764250415,0.0,3.475635064184992e-08
binance-coin-wormhole,1686873600000,0.0077397825054769855,0.0,4.2657177165088445e-08
binance-coin-wormhole,1686960000000,0.0076357925247448515,0.0,6.250797428594882e-08
binance-coin-wormhole,1687046400000,0.007752247043804229,0.0,1.9917494781123885e-08
binance-coin-wormhole,1687132800000,0.007791393186358195,0.0,9.066245840299702e-09
binance-coin-wormhole,1687219200000,0.0077162701427282016,0.0,6.2923776411926265e-09
binance-coin-wormhole,1687305600000,0.007907365927288025,0.0,2.601764141817761e-08
binance-coin-wormhole,1687392000000,0.00795736750101708,0.0,1.633358215923522e-08
binance-coin-wormhole,1687478400000,0.007795885648164221,0.0,2.8701807924990643e-08
binance-coin-wormhole,1687564800000,0.007848139017890195,0.0,2.4367990640093805e-08
binance-coin-wormhole,1687651200000,0.007542523458917972,0.0,1.4448173890396781e-08
binance-coin-wormhole,1687737600000,0.007555004533524248,0.0,8.122936225715133e-09
binance-coin-wormhole,1687824000000,0.007470427826372663,0.0,1.5083063215652077e-08
binance-coin-wormhole,1687910400000,0.007565976354663307,0.0,3.357971533397797e-09
binance-coin-wormhole,1687996800000,0.007433781205995758,0.0,1.640579440806458e-08
binance-coin-wormhole,1688083200000,0.007438956425322668,0.0,8.320296002833416e-09
binance-coin-wormhole,1688169600000,0.007594883996452299,0.0,1.8359699185017013e-08
binance-coin-wormhole,1688256000000,0.008176790567572877,0.0,6.101411705005402e-08
binance-coin-wormhole,1688342400000,0.007798048084653282,0.0,6.401807893258141e-08
binance-coin-wormhole,1688428800000,0.007864726813793492,0.0,2.37007955171067e-08
binance-coin-wormhole,1688515200000,0.007640761676594569,0.0,3.5135428216415577e-09
binance-coin-wormhole,1688601600000,0.0075964043801073295,0.0,5.429564089959074e-09
binance-coin-wormhole,1688688000000,0.0072877114832079525,0.0,1.050810687359868e-08
binance-coin-wormhole,1688774400000,0.0074903782110164515,0.0,2.702984716641653e-08
binance-coin-wormhole,1688860800000,0.007488494029222673,0.0,1.1249566749810301e-08
binance-coin-wormhole,1688947200000,0.007843378795565965,0.0,2.482862591821487e-09
binance-coin-wormhole,1689033600000,0.007750295126867485,0.0,1.7491822991003906e-08
binance-coin-wormhole,1689120000000,0.007868536200073268,0.0,4.292316723424892e-08
binance-coin-wormhole,1689206400000,0.007787478540302263,0.0,7.924774608149796e-09
binance-coin-wormhole,1689292800000,0.008137480016244668,0.0,1.8820728959044223e-08
binance-coin-wormhole,1689379200000,0.00783908953918884,0.0,1.3580119030105375e-08
binance-coin-wormhole,1689465600000,0.007963248056245863,0.0,3.9427805762871815e-08
binance-coin-wormhole,1689552000000,0.007705797272008458,0.0,6.437501100051862e-08
binance-coin-wormhole,1689638400000,0.007717127485195041,0.0,7.349275852670023e-09
binance-coin-wormhole,1689724800000,0.00766618079951812,0.0,1.2003923401609821e-07
binance-coin-wormhole,1689811200000,0.007716696905929425,0.0,1.0179588445426972e-07
binance-coin-wormhole,1689897600000,0.007690691699116265,0.0,6.619528112030332e-09
binance-coin-wormhole,1689984000000,0.007700991574916884,0.0,3.843373502434289e-09
binance-coin-wormhole,1690070400000,0.007657017792901088,0.0,2.6854772721709712e-09
binance-coin-wormhole,1690156800000,0.007690862149992462,0.0,2.401073787319149e-09
binance-coin-wormhole,1690243200000,0.007722054024325709,0.0,2.5970238702392027e-09
binance-coin-wormhole,1690329600000,0.007717449306625472,0.0,1.860712517457815e-09
binance-coin-wormhole,1690416000000,0.007604619094722835,0.0,1.4686565629853691e-08
binance-coin-wormhole,1690502400000,0.007638645668888949,0.0,1.641447396407706e-08
binance-coin-wormhole,1690588800000,0.0076605120358631176,0.0,2.4527419652641245e-08
binance-coin-wormhole,1690675200000,0.0077613057446612,0.0,9.367229469465538e-09
binance-coin-wormhole,1690761600000,0.007727400012534181,0.0,1.4392536175587671e-08
binance-coin-wormhole,1690848000000,0.007826175659279384,0.0,1.5768213004925144e-08
binance-coin-wormhole,1690934400000,0.007796936655898978,0.0,7.158525697012145e-08
binance-coin-wormhole,1691020800000,0.007643263742814559,0.0,6.039304199428755e-08
binance-coin-wormhole,1691107200000,0.007597433127466464,0.0,3.953622425828147e-08
binance-coin-wormhole,1691193600000,0.007679624158362029,0.0,3.6671127454756192e-09
binance-coin-wormhole,1691280000000,0.007620832916315671,0.0,1.2115860840982231e-08
binance-coin-wormhole,1691366400000,0.007476866481018844,0.0,7.276590612920333e-09
binance-coin-wormhole,1691452800000,0.007320414519040614,0.0,2.6377865433870544e-08
binance-coin-wormhole,1691539200000,0.00781893054302493,0.0,6.741927459497481e-09
binance-coin-wormhole,1691625600000,0.007766012224078569,0.0,2.510029451688415e-08
binance-coin-wormhole,1691712000000,0.007859888044143852,0.0,3.388915458806532e-08
binance-coin-wormhole,1691798400000,0.007617875784416879,0.0,8.755949986609342e-09
binance-coin-wormhole,1691884800000,0.007595514601093154,0.0,3.715846782875414e-10
binance-coin-wormhole,1691971200000,0.007593570316285195,0.0,3.71937651592785e-09
binance-coin-wormhole,1692057600000,0.007673230024467094,0.0,1.9503815886456724e-08
binance-coin-wormhole,1692144000000,0.007530957285749787,0.0,6.908815141822349e-09
binance-coin-wormhole,1692230400000,0.007806241810914629,0.0,6.59133362879014e-08
binance-coin-wormhole,1692316800000,0.006937446698822468,0.0,2.6466354439589656e-08
binance-coin-wormhole,1692403200000,0.006930192042407033,0.0,5.5875124165141284e-09
binance-coin-wormhole,1692489600000,0.006875606421326534,0.0,1.2030422108825979e-08
binance-coin-wormhole,1692576000000,0.006878774072777642,0.0,5.0145659180453294e-08
binance-coin-wormhole,1692601520000,0.00687857754546143,0.0,5.030319622931941e-08
apecoin,1678579200000,0.00012008296028587601,0.0022724449288421674,0.0019295120387743936
apecoin,1678665600000,0.00014285309851032693,0.002693981380792885,0.0021927614187368734
apecoin,1678752000000,0.0001413994959821652,0.0026961101537708396,0.0030091575991626
apecoin,1678838400000,0.00013628501568016882,0.0025975718787437227,0.0027427740340374256
apecoin,1678924800000,0.0001306277002183449,0.0024830800672088816,0.002779945533420423
apecoin,1679011200000,0.0001315254293666714,0.0024968134509002747,0.0023660421265767535
apecoin,1679097600000,0.00014183039325314727,0.002688142083368566,0.0027754388412409145
apecoin,1679184000000,0.00013572628025203932,0.002568308114264059,0.0024503513001811264
apecoin,1679270400000,0.0001372581121002465,0.0026205555847896517,0.0016654794519146666
apecoin,1679356800000,0.0001296313894065464,0.0024648560770563622,0.0021976093144411685
apecoin,1679443200000,0.00013220596084999368,0.002508756963445489,0.001457452889511069
apecoin,1679529600000,0.00012768106249663264,0.002424392623532396,0.002190809001485293
apecoin,1679616000000,0.00013298920806654638,0.0025241167405905527,0.0013561875071870233
apecoin,1679702400000,0.0001301465580995287,0.0024864877387505346,0.0016994070289270639
apecoin,1679788800000,0.0001280407265656221,0.00243256525063709,0.0017746807575996964
apecoin,1679875200000,0.0001305815894402693,0.0024892322777036037,0.0013120476951020271
apecoin,1679961600000,0.00012470389625978068,0.002365810392422114,0.0018551469794356756
apecoin,1680048000000,0.00012957192240309725,0.0024591836107131157,0.0019383186194055226
apecoin,1680134400000,0.00013091549507460965,0.0024872818630799105,0.001699731941567378
apecoin,1680220800000,0.00012898806455105064,0.002445618315623507,0.0015603486047249355
apecoin,1680307200000,0.00013304549501633517,0.002529236316994265,0.0014317868272868226
apecoin,1680393600000,0.00013550812857093691,0.0025761030659817025,0.001221346611965015
apecoin,1680480000000,0.0001327678763317836,0.0025124113186334013,0.0017254890743610717
apecoin,1680566400000,0.0001351144379277813,0.002571418591744204,0.0030462820359904545
apecoin,1680652800000,0.00013446443495959874,0.0025556515874753673,0.0018608993586216244
apecoin,1680739200000,0.00013441482612249674,0.002556442987176535,0.00161143794974233
apecoin,1680825600000,0.00013435122504928905,0.0025498160626131836,0.0011421863760342535
apecoin,1680912000000,0.00013374637884308393,0.002541090755155741,0.0017293043089996333
apecoin,1680998400000,0.00013344236571315117,0.0025383325930616297,0.0011933080765583089
apecoin,1681084800000,0.00013317078913055433,0.0025308442668108317,0.0008705401198720155
apecoin,1681171200000,0.00013754654296724335,0.0026156946384789585,0.0012633779989533775
apecoin,1681257600000,0.0001379389615889348,0.0026190694048953246,0.001447240541307328
apecoin,1681344000000,0.00014211214600745736,0.0026975034867192933,0.004006559760602469
apecoin,1681430400000,0.00014232075752757854,0.002700858132804274,0.0024032916864478488
apecoin,1681516800000,0.0001449621100978939,0.0027561167366737947,0.0022905716628478867
apecoin,1681603200000,0.0001443938345087832,0.002741178648140688,0.0011418748128687157
apecoin,1681689600000,0.00014381760878552153,0.0027302193551390864,0.001084302374618092
apecoin,1681776000000,0.00014251919287598655,0.0027071218434687578,0.0022540689947774016
apecoin,1681862400000,0.00014303754162262923,0.0027194950089237694,0.001725917728258756
apecoin,1681948800000,0.00013144561001979577,0.0024996168837400036,0.0021229484171656743
apecoin,1682035200000,0.0001293658549259043,0.0024586403617657044,0.0013453873295685638
apecoin,1682121600000,0.0001236427123533104,0.002346220525190011,0.0013824656088904125
apecoin,1682208000000,0.00012602711658786666,0.0023949951426837325,0.0009469630346868169
apecoin,1682294400000,0.000126377240495875,0.0023959403790852858,0.001079421218357999
apecoin,1682380800000,0.0001256528242720394,0.002387995782402962,0.0009496970184340829
apecoin,1682467200000,0.00012727242560127322,0.0024178627376506235,0.0010209200865612968
apecoin,1682553600000,0.00012445330803134239,0.0023683212421096106,0.001675165627176172
apecoin,1682640000000,0.00013015005615855512,0.0024666371455575593,0.0013713885993670615
apecoin,1682726400000,0.00012824584002671692,0.002436916901059585,0.0007538905426143282
apecoin,1682812800000,0.00012928603557902865,0.0024587388675547796,0.000613433930626113
apecoin,1682899200000,0.00012401509663694142,0.002355601420111768,0.000824505021762235
apecoin,1682985600000,0.0001227860058972028,0.0023313817807931207,0.0010634173475931178
apecoin,1683072000000,0.00012198145232112554,0.002316348539859503,0.0006715091802381139
apecoin,1683158400000,0.0001224342919623643,0.002327385170384868,0.0007458826678469236
apecoin,1683244800000,0.00012014560734298558,0.002284731744541649,0.0008362592343026193
apecoin,1683331200000,0.00012050940548173357,0.0022903828330327982,0.0009527597047149257
apecoin,1683417600000,0.00011374733937829202,0.0021589691940423,0.0009948548976674726
apecoin,1683504000000,0.00011333584043463828,0.0021490333133131565,0.0007478198689598821
apecoin,1683590400000,0.0001070844909490545,0.002032494048473044,0.0015855767362978393
apecoin,1683676800000,0.0001060010466669615,0.0020141147545126416,0.0008232156661349166
apecoin,1683763200000,0.00010627230524419231,0.0020198823732563986,0.0015788982655820817
apecoin,1683849600000,0.00010242157826683275,0.0019454218472943036,0.0015199607869700277
apecoin,1683936000000,0.00010523497174017489,0.0019926731880327057,0.0011702626972424446
apecoin,1684022400000,0.00010332630353321212,0.0019689764677432993,0.0007763294824425867
apecoin,1684108800000,0.00010488643785899674,0.0019952261646640408,0.0008299109933908576
apecoin,1684195200000,0.0001071805285695981,0.0020356437186820333,0.000985270087909352
apecoin,1684281600000,0.00010878200359296772,0.0020683669226393107,0.0008846408985633024
apecoin,1684368000000,0.00010859406242163901,0.002064731639848858,0.0010931278481499636
apecoin,1684454400000,0.00010776661245920695,0.0020533795812116666,0.0009012225866368199
apecoin,1684540800000,0.0001088513287627641,0.002071076879772811,0.0006977092214534054
apecoin,1684627200000,0.00010938494176697663,0.002079179085717655,0.0004402759417927023
apecoin,1684713600000,0.00011016405491377081,0.0020962828345029235,0.0007686722010847689
apecoin,1684800000000,0.00010902527769798713,0.002071312245732665,0.0006284442271348807
apecoin,1684886400000,0.00011117149591338062,0.002111506170650778,0.000613603005118087
apecoin,1684972800000,0.0001058935608532405,0.002015518776387144,0.001036424709595779
apecoin,1685059200000,0.00010284102734463746,0.0019534578238150037,0.000808386436019193
apecoin,1685145600000,0.00010261238148645581,0.0019502157258337112,0.0007154475057589042
apecoin,1685232000000,0.00010288872814954322,0.001957175264625281,0.0006452948279333377
apecoin,1685318400000,0.00010499869375320831,0.0019957499220404225,0.0007423327257367521
apecoin,1685404800000,0.00010155056156925345,0.0019320015862600993,0.0006762200175636691
apecoin,1685491200000,0.0001013524442262115,0.001929222255900676,0.0005935798111341685
apecoin,1685577600000,0.00010009982108938605,0.0019007886646774544,0.0008718384694251365
apecoin,1685664000000,9.756945239181813e-05,0.0018551888678069546,0.0007216840296677723
apecoin,1685750400000,9.969118419402664e-05,0.0018956244462884802,0.0008536982867370766
apecoin,1685836800000,9.908252192342906e-05,0.0018823131703826145,0.0004791733981634401
apecoin,1685923200000,0.00010537012402074123,0.0020028366800106494,0.0010462072725904137
apecoin,1686009600000,9.035613667396804e-05,0.0017203654614069508,0.002517678131771984
apecoin,1686096000000,9.929685754013896e-05,0.0018889168308128012,0.0026753223056656113
apecoin,1686182400000,9.199831638419057e-05,0.0017480711577249409,0.001582627746814878
apecoin,1686268800000,9.25815382255051e-05,0.0017597837056327914,0.0009823726862272205
apecoin,1686355200000,8.923643978014666e-05,0.0016967441923602404,0.0009125247836986615
apecoin,1686441600000,7.285661938623835e-05,0.0013901811823769075,0.0037664162851169147
apecoin,1686528000000,7.472617293317839e-05,0.0014200664764682798,0.0013840625680932928
apecoin,1686614400000,7.1381392493186e-05,0.0013573269866788383,0.0015651287348750701
apecoin,1686700800000,7.056284668100304e-05,0.0013424488399663178,0.001331846323768737
apecoin,1686787200000,6.537331711262162e-05,0.0012435007179806118,0.002546507566993605
apecoin,1686873600000,6.631493100146146e-05,0.0012605897956909117,0.0018499249590442223
apecoin,1686960000000,6.658237351429979e-05,0.0012664696481581794,0.0011506441733540704
apecoin,1687046400000,6.69000608749722e-05,0.001273421222651909,0.0010353475879911725
apecoin,1687132800000,6.482857392059776e-05,0.0012335227103076297,0.0009444077415786094
apecoin,1687219200000,6.534978471553477e-05,0.001242731744065468,0.0012755824734396008
apecoin,1687305600000,6.848913368906633e-05,0.0013020551788418457,0.0010953067539481694
apecoin,1687392000000,7.084110137628667e-05,0.001348856012785317,0.0012152327787798309
apecoin,1687478400000,6.911083417967147e-05,0.0013169326967940101,0.0016577992049349882
apecoin,1687564800000,7.198369465646281e-05,0.0013699318503249621,0.001522211644174654
apecoin,1687651200000,6.915980700604141e-05,0.00131380010790802,0.0013819130763920513
apecoin,1687737600000,7.326907234599021e-05,0.0013937935154143737,0.0019026076430679478
apecoin,1687824000000,7.378805710336497e-05,0.0013972406940650495,0.0024488081914019193
apecoin,1687910400000,7.352697469784739e-05,0.0013964388150246186,0.0010934941667883119
apecoin,1687996800000,6.977705542152202e-05,0.001328499057919137,0.0011158669814639718
apecoin,1688083200000,7.09727555978266e-05,0.0013508449913774989,0.0008796522111525762
apecoin,1688169600000,7.053486220879165e-05,0.0013409800557751682,0.0015456582996517974
apecoin,1688256000000,7.163388875382052e-05,0.0013609358615343475,0.0008945848431322436
apecoin,1688342400000,6.886024595123319e-05,0.001311133325652285,0.0011607131844006812
apecoin,1688428800000,6.983874846253349e-05,0.001326833052563051,0.0011018085138198566
apecoin,1688515200000,6.827416206162434e-05,0.001300981151360746,0.0009783582276472963
apecoin,1688601600000,6.586717944607933e-05,0.001254576436441429,0.0008060336476554709
apecoin,1688688000000,6.107611060134408e-05,0.0011643977399314641,0.0010145198053241368
apecoin,1688774400000,6.0500202883448465e-05,0.0011500999390273478,0.0012644544417711309
apecoin,1688860800000,6.330596422800569e-05,0.001204765831468134,0.001560562422583638
apecoin,1688947200000,6.326716757334898e-05,0.0012008660501546743,0.0009737893133395939
apecoin,1689033600000,6.125133155803127e-05,0.001163094005333712,0.0013398514833887292
apecoin,1689120000000,6.091774392905693e-05,0.0011592552137747651,0.0005982831252387695
apecoin,1689206400000,5.979041490645065e-05,0.001138900249983045,0.0008270396684369965
apecoin,1689292800000,6.379569249170488e-05,0.0012154248913998405,0.0015829742675033465
apecoin,1689379200000,6.482443985083926e-05,0.0012311764910399603,0.0038199399860515365
apecoin,1689465600000,6.549574917854641e-05,0.0012467037280264519,0.001114728542780309
apecoin,1689552000000,6.284199439895558e-05,0.001192843591981624,0.0009247787530595843
apecoin,1689638400000,6.279779165307624e-05,0.0011936014577971488,0.0010312311982521528
apecoin,1689724800000,6.474493850932965e-05,0.0012295351121311433,0.0018984993987711642
apecoin,1689811200000,6.495895612067352e-05,0.0012355189196439033,0.0012566506555842022
apecoin,1689897600000,6.73598966342638e-05,0.0012833305906527163,0.0016636107517082924
apecoin,1689984000000,6.83285409792169e-05,0.001298781223669193,0.001452655450296182
apecoin,1690070400000,6.53615509140782e-05,0.0012448176565458358,0.0009104866130413157
apecoin,1690156800000,6.657505939088092e-05,0.0012677648944911283,0.000731199263773458
apecoin,1690243200000,6.455858736483112e-05,0.001227770600985982,0.0017650823721045152
apecoin,1690329600000,6.320992660746206e-05,0.0012017927381257315,0.0012538890112726755
apecoin,1690416000000,6.330310217971133e-05,0.0012028083956871344,0.0010287457070586644
apecoin,1690502400000,6.247533421191326e-05,0.0011890735448882447,0.0007083466599238525
apecoin,1690588800000,6.252685108121148e-05,0.001189347893990159,0.000714253802512291
apecoin,1690675200000,6.26461030934759e-05,0.001191427204486791,0.00045270467048549325
apecoin,1690761600000,6.024198252622524e-05,0.0011469189355939606,0.0007317874325816029
apecoin,1690848000000,5.8955650820599724e-05,0.0011223663676669172,0.0008071203288415906
apecoin,1690934400000,5.834889658219837e-05,0.0011077773459246725,0.001058379165307692
apecoin,1691020800000,5.664152577193795e-05,0.001078666160624683,0.0007154424714230776
apecoin,1691107200000,5.7252732085463845e-05,0.0010925787410174792,0.0007158841354021116
apecoin,1691193600000,5.710326956342577e-05,0.0010850992174116626,0.0005846043822733499
apecoin,1691280000000,5.851998346912705e-05,0.0011114056075578187,0.0006309627526218828
apecoin,1691366400000,5.8885053629339186e-05,0.0011201951533649456,0.0021591492513488475
apecoin,1691452800000,5.7684901377910095e-05,0.0010967784410206556,0.0014098130261495985
apecoin,1691539200000,5.9053278467973525e-05,0.001123370602748523,0.0010433821617081293
apecoin,1691625600000,5.826716920312648e-05,0.001108716189929275,0.0006849393740841846
apecoin,1691712000000,5.93235830291062e-05,0.0011291089841357356,0.000699736644652245
apecoin,1691798400000,6.0364414592150046e-05,0.0011480089964641333,0.0008721793335564965
apecoin,1691884800000,6.388632402102584e-05,0.0012129904360955739,0.002198274751819416
apecoin,1691971200000,6.354796631156094e-05,0.0012043253848388956,0.0015250222742707407
apecoin,1692057600000,6.528745566379123e-05,0.0012440797014749115,0.0018187184122633124
apecoin,1692144000000,5.848086880910432e-05,0.0011119688720432233,0.0014877401326307005
apecoin,1692230400000,5.47710182088998e-05,0.001045310214162685,0.0013094141152434375
apecoin,1692316800000,4.8977278445045337e-05,0.000935756581668908,0.002695984124947083
apecoin,1692403200000,4.948863107363517e-05,0.0009410793524609365,0.0012370994447254194
apecoin,1692489600000,5.084015387929856e-05,0.0009675538312088767,0.0005975962495090806
apecoin,1692576000000,5.043946711809012e-05,0.0009606264639888454,0.0005146654657409148
apecoin,1692616409000,4.850090640671975e-05,0.0009261830764914906,0.0005714389718655295
binancecoin,1678579200000,0.008768441141114237,0.0711694416806561,0.00569978406245405
binancecoin,1678665600000,0.009215335354029531,0.07456268862139996,0.008654660890053905
binancecoin,1678752000000,0.009817263861001254,0.07981043321273296,0.018890335830261337
binancecoin,1678838400000,0.009844538227230273,0.08006428472704812,0.017764449273084598
binancecoin,1678924800000,0.00978551547727744,0.07949859490336446,0.013578081134763722
binancecoin,1679011200000,0.010542646821149594,0.08578551437010164,0.028958297924921952
binancecoin,1679097600000,0.010804520742023226,0.0876992395695129,0.020001164179890594
binancecoin,1679184000000,0.010590437621573948,0.0860816454074351,0.016548798132365736
binancecoin,1679270400000,0.010731009349588316,0.08774131788921734,0.01583760146973304
binancecoin,1679356800000,0.010671954481093511,0.08668035269492255,0.013737158906490934
binancecoin,1679443200000,0.010713223309465785,0.08711205452513228,0.009927019694572638
binancecoin,1679529600000,0.01029054520517432,0.08365486517124494,0.02565621347655826
binancecoin,1679616000000,0.010533710552358546,0.085474608302754,0.007591045786248991
binancecoin,1679702400000,0.010305666360329448,0.0838450291299475,0.00878517983625157
binancecoin,1679788800000,0.010320789105511407,0.08392771027838812,0.007121969678942421
binancecoin,1679875200000,0.010466885858755326,0.08523836207840126,0.00745047943705287
binancecoin,1679961600000,0.009906100568036291,0.08036280337703934,0.014100220272993994
binancecoin,1680048000000,0.009971776308252014,0.08102763948701418,0.009307322594678393
binancecoin,1680134400000,0.009990018368069443,0.08117786458791629,0.009963850669217702
binancecoin,1680220800000,0.01008445737563798,0.08214619577651172,0.002265113083138381
binancecoin,1680307200000,0.010088891960467385,0.08202667430130405,0.007857665569199018
binancecoin,1680393600000,0.010019677456538385,0.08144231281009454,0.005849635763274966
binancecoin,1680480000000,0.009988771787034573,0.08118349157392714,0.005130138895003495
binancecoin,1680566400000,0.00982132129146654,0.0799622612333688,0.010571700675903841
binancecoin,1680652800000,0.009889442492947098,0.08037507677918457,0.009331060223453199
binancecoin,1680739200000,0.009994019511584941,0.0812830335600689,0.008500050440868726
binancecoin,1680825600000,0.009933340589685778,0.08074954297337934,0.00693495077772191
binancecoin,1680912000000,0.009884277449791902,0.08032034947781569,0.004924082737703082
binancecoin,1680998400000,0.009879062797799603,0.08033575494487995,0.005734589537129691
binancecoin,1681084800000,0.009953776568523507,0.08096605785941993,0.00590590990853804
binancecoin,1681171200000,0.01011961763893402,0.08232548804948893,0.008075290969622366
binancecoin,1681257600000,0.01026287428625385,0.08348826212059493,0.015857011153532965
binancecoin,1681344000000,0.010185112116091103,0.0828315814516084,0.006384513015589081
binancecoin,1681430400000,0.010336109968036406,0.08399087470538469,0.008948455225877882
binancecoin,1681516800000,0.0104614486030068,0.08506632653827713,0.015438132691581202
binancecoin,1681603200000,0.010597897073445113,0.08623009321239815,0.010472718166897656
binancecoin,1681689600000,0.011062162329480256,0.08991540017675845,0.015204686127187578
binancecoin,1681776000000,0.010812987952899367,0.08786937709170965,0.013772888436335826
binancecoin,1681862400000,0.010907720479420756,0.08875394063396964,0.01196994095484038
binancecoin,1681948800000,0.010250662880197974,0.08350111901235034,0.013936445296243856
binancecoin,1682035200000,0.010105283547059838,0.0819955950960904,0.009670812049423426
binancecoin,1682121600000,0.010227036671528147,0.08316879820563128,0.0190461400392587
binancecoin,1682208000000,0.01057073051103518,0.0860084409350771,0.011772977826223073
binancecoin,1682294400000,0.010515651663631954,0.08541640018405543,0.011507042712945463
binancecoin,1682380800000,0.01053050569427961,0.08560282176112026,0.011659702781239623
binancecoin,1682467200000,0.010783292611818696,0.08762698075273002,0.011105088669862423
binancecoin,1682553600000,0.010507930811349908,0.08542690299703871,0.015454318590353835
binancecoin,1682640000000,0.010542199705604943,0.08582508435516001,0.019002279547963723
binancecoin,1682726400000,0.01031848483862909,0.08387549131166533,0.020139642128202247
binancecoin,1682812800000,0.010232432904584454,0.08327512745022712,0.006768255659930065
binancecoin,1682899200000,0.010736395406472908,0.08719360222823816,0.015420379247702653
binancecoin,1682985600000,0.01046135383740772,0.08503563632613693,0.016330355472571348
binancecoin,1683072000000,0.010246171690413412,0.08332451615700168,0.006399085664274362
binancecoin,1683158400000,0.010367200716663253,0.08420060233297119,0.014723380090887797
binancecoin,1683244800000,0.010297633544783316,0.08375775383917385,0.006424561439917477
binancecoin,1683331200000,0.010393057096965107,0.08448946322389733,0.008152764080829936
binancecoin,1683417600000,0.01026181151232055,0.08341138904114763,0.0077727973014900375
binancecoin,1683504000000,0.010249445873662144,0.08325298837892582,0.006287517541963981
binancecoin,1683590400000,0.009983360289720697,0.08113145369018682,0.008789227215993867
binancecoin,1683676800000,0.009925732311303307,0.0807348886653535,0.005839383366646897
binancecoin,1683763200000,0.010003509109712894,0.08131704362688771,0.008634145236208118
binancecoin,1683849600000,0.009787673461691376,0.07956232940641696,0.007424027113390538
binancecoin,1683936000000,0.009813503765553216,0.07972608878356446,0.008538238989219836
binancecoin,1684022400000,0.009891063684303163,0.0805767965148796,0.005390470849071679
binancecoin,1684108800000,0.009918511681462037,0.08060311390833198,0.00603720991214125
binancecoin,1684195200000,0.009983233723585014,0.08114680550303403,0.006149696206801488
binancecoin,1684281600000,0.009904421181698242,0.08055729991376694,0.005526535936383115
binancecoin,1684368000000,0.0099836795671082,0.08115657727731031,0.0061034024909007055
binancecoin,1684454400000,0.009842136968711316,0.0800695227199855,0.004478169100444523
binancecoin,1684540800000,0.009825556804936806,0.07986769567585641,0.005521508388425053
binancecoin,1684627200000,0.009872979355147287,0.08027841870720807,0.003698515199848399
binancecoin,1684713600000,0.009748661517401879,0.07928458164519281,0.004641024999795666
binancecoin,1684800000000,0.009834412300364876,0.07994884767911173,0.005926356778649387
binancecoin,1684886400000,0.00996800222056787,0.08103134833476626,0.006372479934783246
binancecoin,1684972800000,0.009729670872952793,0.07915072108048432,0.007900123234331079
binancecoin,1685059200000,0.009689093706251654,0.07878280740754412,0.006616041328336059
binancecoin,1685145600000,0.00976723716484828,0.07937417748085294,0.0011235167961664064
binancecoin,1685232000000,0.009777053354487157,0.07946697915598053,0.0059662165002326425
binancecoin,1685318400000,0.00999591959364702,0.08130847907249457,0.007418475541981942
binancecoin,1685404800000,0.009907814298953871,0.08059881486419258,0.01065757897845012
binancecoin,1685491200000,0.009909015723226763,0.0805652809785499,0.00529736301401613
binancecoin,1685577600000,0.009762974938927268,0.07935646488245648,0.009813734694048675
binancecoin,1685664000000,0.009698419531616096,0.0788766419263495,0.006259402643036309
binancecoin,1685750400000,0.009772065122315479,0.07945173465156737,0.007001023889995233
binancecoin,1685836800000,0.009751750303522209,0.07927438734395743,0.003407066298863904
binancecoin,1685923200000,0.009717263575591438,0.0790263707257441,0.005092752672712657
binancecoin,1686009600000,0.008806717220986722,0.07159666338374397,0.02272161155973365
binancecoin,1686096000000,0.008950745985335294,0.07271572268152617,0.014862550401789533
binancecoin,1686182400000,0.00824335354275985,0.06701954285104773,0.014906124897557103
binancecoin,1686268800000,0.008336935843872276,0.06689402551708715,0.01172327071750072
binancecoin,1686355200000,0.00828088103800068,0.06640068169828903,0.005430333738326915
binancecoin,1686441600000,0.007608615786163206,0.06104861318872162,0.026424464436810437
binancecoin,1686528000000,0.007479312578294412,0.05996748071560131,0.007429213044947639
binancecoin,1686614400000,0.0073478825505375505,0.05897195354574966,0.024414031725426683
binancecoin,1686700800000,0.0077353981654954135,0.06196281397911262,0.020038645884865425
binancecoin,1686787200000,0.0075527374732697605,0.06059929936177236,0.016661020605202432
binancecoin,1686873600000,0.007507863100057343,0.060210956845698625,0.010484996968544286
binancecoin,1686960000000,0.007601331555248729,0.06101639383139613,0.01010461748679775
binancecoin,1687046400000,0.00777274948576346,0.06238314111531235,0.00845389202981398
binancecoin,1687132800000,0.007759265740238063,0.06226054793617981,0.006540545296969061
binancecoin,1687219200000,0.007719135371076208,0.06193990362844154,0.005455385045924606
binancecoin,1687305600000,0.007864847019821855,0.06304996243131723,0.008347218413238468
binancecoin,1687392000000,0.007929575740057516,0.06375048530239302,0.012911201108191233
binancecoin,1687478400000,0.0076611728510137455,0.06150991202639959,0.015266935406855536
binancecoin,1687564800000,0.007768712089636236,0.06235602561538167,0.008990160795176793
binancecoin,1687651200000,0.007520883829769787,0.060359532079427125,0.010429316535515324
binancecoin,1687737600000,0.007591898244070565,0.06089017228583704,0.007191311828699906
binancecoin,1687824000000,0.0075101928073689405,0.060191051131181124,0.007296226934801518
binancecoin,1687910400000,0.007552360954916371,0.06057411541365469,0.005259085318324988
binancecoin,1687996800000,0.007329811259601684,0.058845778947630475,0.009165483293870569
binancecoin,1688083200000,0.007422292308131522,0.05959383945499334,0.0065783976195656416
binancecoin,1688169600000,0.007648369954977039,0.06136579009268444,0.013515110530933284
binancecoin,1688256000000,0.007865599102512536,0.0630548449650668,0.011811500337705873
binancecoin,1688342400000,0.0078110446459579074,0.06266109678662747,0.010474963593807458
binancecoin,1688428800000,0.007823809063345325,0.06276569568272415,0.013402146822853086
binancecoin,1688515200000,0.007710760699761585,0.061911513840856434,0.00911756727739106
binancecoin,1688601600000,0.007595809074062106,0.061050055145804256,0.008604952876282415
binancecoin,1688688000000,0.0073933560458595855,0.05934901526269319,0.009816788329838145
binancecoin,1688774400000,0.007483752887220405,0.06004179180618551,0.0069915747244765755
binancecoin,1688860800000,0.0075097192973789095,0.06026098940307752,0.004779977193855297
binancecoin,1688947200000,0.007445640898116796,0.059724856346199326,0.003961883367510158
binancecoin,1689033600000,0.0078049513451392445,0.06254638407062096,0.016575945986290135
binancecoin,1689120000000,0.007899051040982218,0.06339768199832341,0.010207442834441185
binancecoin,1689206400000,0.007767723092947856,0.062291875292147206,0.008457095903760252
binancecoin,1689292800000,0.008134054780447068,0.06519375020656873,0.014527383554749196
binancecoin,1689379200000,0.007876710846012651,0.06314046368188972,0.015263277198242307
binancecoin,1689465600000,0.007984741720931035,0.06408419441197767,0.005725089688859341
binancecoin,1689552000000,0.0077194139437768575,0.06193750930900665,0.006698981841382451
binancecoin,1689638400000,0.007765450944607511,0.06230151293088092,0.010758877508198823
binancecoin,1689724800000,0.007640594405772032,0.06126720717567206,0.012626948705422494
binancecoin,1689811200000,0.007674361487559459,0.06155624244280353,0.007154442841991073
binancecoin,1689897600000,0.007715448098856992,0.06196459127505169,0.007374453499415946
binancecoin,1689984000000,0.007751829820763987,0.06218882566156722,0.005448703973192579
binancecoin,1690070400000,0.00764908260500233,0.06135715176374288,0.003580562408398477
binancecoin,1690156800000,0.00770770912026908,0.06185441904716119,0.0032689485601089243
binancecoin,1690243200000,0.0075990807132679085,0.06093762273402145,0.007251640594098374
binancecoin,1690329600000,0.007559802598487036,0.06066263816497427,0.00508575211763514
binancecoin,1690416000000,0.007600817022566479,0.06020449821932384,0.005626083648575584
binancecoin,1690502400000,0.007645251276352299,0.06054719441026074,0.005447722447403106
binancecoin,1690588800000,0.007691058677308673,0.06094763595227436,0.004246278315518031
binancecoin,1690675200000,0.007713271352126459,0.061084749303890185,0.003559960322360072
binancecoin,1690761600000,0.007712762543540797,0.06110069131312472,0.004440673819732633
binancecoin,1690848000000,0.007669934534858837,0.06075936330472204,0.005912332137216781
binancecoin,1690934400000,0.007868216604680399,0.06221685998996451,0.01208215890243139
binancecoin,1691020800000,0.007644031407768175,0.06064129049337413,0.010609342574575985
binancecoin,1691107200000,0.007668351822152064,0.06080026793842899,0.005516808920779286
binancecoin,1691193600000,0.0076794317651155755,0.06077091237493738,0.005085020837932149
binancecoin,1691280000000,0.007723626878866134,0.06118600151819972,0.0035570795509558394
binancecoin,1691366400000,0.007713865068144852,0.06111517795172236,0.005265679053815259
binancecoin,1691452800000,0.007687261375232807,0.06087334498202154,0.005799673430695875
binancecoin,1691539200000,0.007796687339692004,0.061751537086009424,0.006655492420233795
binancecoin,1691625600000,0.007759508696337717,0.061470831636071595,0.005677829833004422
binancecoin,1691712000000,0.007671154085437595,0.06076738461016777,0.004794603240439682
binancecoin,1691798400000,0.007619125545505411,0.0603623220987126,0.0051441209991266446
binancecoin,1691884800000,0.0076347914438525625,0.06049125318223161,0.002760475663852861
binancecoin,1691971200000,0.007632957824911984,0.06044256868705555,0.003263321417097358
binancecoin,1692057600000,0.007643365186526325,0.06053494112844691,0.004570679150544843
binancecoin,1692144000000,0.007524088369843356,0.05966813042524615,0.006790670559390613
binancecoin,1692230400000,0.007380611026799496,0.058427175453152784,0.007326313483274938
binancecoin,1692316800000,0.006925864943391347,0.054938883420331854,0.013381538853995288
binancecoin,1692403200000,0.006867904649366448,0.0544103390817746,0.008691838498518581
binancecoin,1692489600000,0.006902967921025848,0.05470468946978044,0.005450067429718019
binancecoin,1692576000000,0.006876412246924075,0.054498214629101274,0.003996696535103467
binancecoin,1692599168000,0.006867757412881972,0.05438759304714317,0.004279906773790529
binance-peg-cardano,1678579200000,9.538888959689249e-06,0.0,6.976491406270702e-06
binance-peg-cardano,1678665600000,1.0407679619706287e-05,0.0,7.475503152177733e-06
binance-peg-cardano,1678752000000,1.0807730370182651e-05,0.0,1.2876456354040618e-05
binance-peg-cardano,1678838400000,1.0846527024839342e-05,0.0,1.1843047562164505e-05
binance-peg-cardano,1678924800000,1.0177125729328412e-05,0.0,5.726227007757444e-06
binance-peg-cardano,1679011200000,1.0228324593260601e-05,0.0,1.2662589000463466e-05
binance-peg-cardano,1679097600000,1.1018249922500105e-05,0.0,1.0169614358687982e-05
binance-peg-cardano,1679184000000,1.0602616909087853e-05,0.0,1.1111356874946264e-05
binance-peg-cardano,1679270400000,1.0928254403911224e-05,0.0,5.164833159150851e-06
binance-peg-cardano,1679356800000,1.0497357132929129e-05,0.0,4.557518230949045e-06
binance-peg-cardano,1679443200000,1.1710547604365803e-05,0.0,1.7590958067997786e-05
binance-peg-cardano,1679529600000,1.1373461916365049e-05,0.0,2.072066571220615e-05
binance-peg-cardano,1679616000000,1.1745210189263992e-05,0.0,7.860441585620764e-06
binance-peg-cardano,1679702400000,1.139158822222924e-05,0.0,7.3958840174454975e-06
binance-peg-cardano,1679788800000,1.1099023285473869e-05,0.0,3.748959351811115e-06
binance-peg-cardano,1679875200000,1.1169938482100444e-05,0.0,2.578204713195377e-06
binance-peg-cardano,1679961600000,1.0818860557993997e-05,0.0,8.043223506375397e-06
binance-peg-cardano,1680048000000,1.1593521629663653e-05,0.0,6.229954024316665e-06
binance-peg-cardano,1680134400000,1.2001204508924942e-05,0.0,7.310410788024457e-06
binance-peg-cardano,1680220800000,1.1881316485928448e-05,0.0,6.3747826564656785e-06
binance-peg-cardano,1680307200000,1.2564074006812994e-05,0.0,1.3658434717790745e-05
binance-peg-cardano,1680393600000,1.2428921726246655e-05,0.0,5.468738760503038e-06
binance-peg-cardano,1680480000000,1.1980216154766406e-05,0.0,4.66715777486071e-06
binance-peg-cardano,1680566400000,1.2188827674887627e-05,0.0,1.3311617943911015e-05
binance-peg-cardano,1680652800000,1.22680110110312e-05,0.0,8.302969957287974e-06
binance-peg-cardano,1680739200000,1.2340198229121926e-05,0.0,4.7690831890156164e-06
binance-peg-cardano,1680825600000,1.2049859329928824e-05,0.0,4.602676559171655e-06
binance-peg-cardano,1680912000000,1.2067031619694901e-05,0.0,2.785273371238453e-06
binance-peg-cardano,1680998400000,1.2091836038245901e-05,0.0,3.2592404895882033e-06
binance-peg-cardano,1681084800000,1.2274371118351968e-05,0.0,4.54917878648068e-06
binance-peg-cardano,1681171200000,1.2468036386269382e-05,0.0,3.2745149614553324e-06
binance-peg-cardano,1681257600000,1.2621314972699915e-05,0.0,1.593723001151106e-05
binance-peg-cardano,1681344000000,1.2756149247900215e-05,0.0,6.179613317561888e-06
binance-peg-cardano,1681430400000,1.343699873658853e-05,0.0,1.366695844228366e-05
binance-peg-cardano,1681516800000,1.3774084424589284e-05,0.0,1.816723042947391e-05
binance-peg-cardano,1681603200000,1.4250456462914878e-05,0.0,1.3022886057002461e-05
binance-peg-cardano,1681689600000,1.416364099798638e-05,0.0,8.485623721670618e-06
binance-peg-cardano,1681776000000,1.3671686696724904e-05,0.0,2.0417115413347344e-05
binance-peg-cardano,1681862400000,1.3950259397374584e-05,0.0,3.946649835894919e-06
binance-peg-cardano,1681948800000,1.3053802270512202e-05,0.0,9.612130605182662e-06
binance-peg-cardano,1682035200000,1.2590786457560223e-05,0.0,6.419754495071117e-06
binance-peg-cardano,1682121600000,1.2028234965038212e-05,0.0,1.1212534121039862e-05
binance-peg-cardano,1682208000000,1.2479802584812805e-05,0.0,4.447562715292646e-06
binance-peg-cardano,1682294400000,1.2193279750012164e-05,0.0,5.063288236845198e-06
binance-peg-cardano,1682380800000,1.2056219437249595e-05,0.0,5.866461454929873e-06
binance-peg-cardano,1682467200000,1.2385036985733347e-05,0.0,7.623315176282973e-06
binance-peg-cardano,1682553600000,1.2577430232186608e-05,0.0,1.2215235762350088e-05
binance-peg-cardano,1682640000000,1.2838194632338136e-05,0.0,7.254289786974401e-06
binance-peg-cardano,1682726400000,1.272434871129637e-05,0.0,4.851925235544142e-06
binance-peg-cardano,1682812800000,1.2600326618541376e-05,0.0,2.249114396113768e-06
binance-peg-cardano,1682899200000,1.2456588193091998e-05,0.0,6.118705455058737e-06
binance-peg-cardano,1682985600000,1.2136674794857321e-05,0.0,5.766547211978164e-06
binance-peg-cardano,1683072000000,1.2321753917891696e-05,0.0,3.633435220832482e-06
binance-peg-cardano,1683158400000,1.2406661350623962e-05,0.0,4.795309285747089e-06
binance-peg-cardano,1683244800000,1.2124908596313899e-05,0.0,2.1656152167398996e-06
binance-peg-cardano,1683331200000,1.2380902915974849e-05,0.0,4.2545318201269934e-06
binance-peg-cardano,1683417600000,1.1893718695203948e-05,0.0,4.9318625516137325e-06
binance-peg-cardano,1683504000000,1.1814853364426412e-05,0.0,3.250263356689556e-06
binance-peg-cardano,1683590400000,1.1457415332999198e-05,0.0,1.034164705326231e-05
binance-peg-cardano,1683676800000,1.1416710646146278e-05,0.0,3.923769062390913e-06
binance-peg-cardano,1683763200000,1.1589069554539115e-05,0.0,7.519177959914926e-06
binance-peg-cardano,1683849600000,1.1309224832425282e-05,0.0,5.937221890927921e-06
binance-peg-cardano,1683936000000,1.1611647935527845e-05,0.0,7.883937509710323e-06
binance-peg-cardano,1684022400000,1.143038487688593e-05,0.0,2.2423625439432454e-06
binance-peg-cardano,1684108800000,1.1641858445301497e-05,0.0,2.108244470103677e-06
binance-peg-cardano,1684195200000,1.1517200341814427e-05,0.0,3.508406306237421e-06
binance-peg-cardano,1684281600000,1.155758702330131e-05,0.0,2.2279038536716126e-06
binance-peg-cardano,1684368000000,1.1782416817090491e-05,0.0,5.779261649835158e-06
binance-peg-cardano,1684454400000,1.1705141513143149e-05,0.0,4.661590485294049e-06
binance-peg-cardano,1684540800000,1.157603133453154e-05,0.0,5.805729034080792e-06
binance-peg-cardano,1684627200000,1.1468545520810546e-05,0.0,1.7990662283607742e-06
binance-peg-cardano,1684713600000,1.1314630923647937e-05,0.0,3.082957201689781e-06
binance-peg-cardano,1684800000000,1.1563947130622079e-05,0.0,7.798777158604347e-06
binance-peg-cardano,1684886400000,1.1634226316516575e-05,0.0,2.380823130159922e-06
binance-peg-cardano,1684972800000,1.1424660780297239e-05,0.0,3.4029340540080563e-06
binance-peg-cardano,1685059200000,1.125866197922517e-05,0.0,3.8196923888606684e-06
binance-peg-cardano,1685145600000,1.1389998195399048e-05,0.0,4.54793080856861e-06
binance-peg-cardano,1685232000000,1.1493985950093619e-05,0.0,1.4373935899358741e-06
binance-peg-cardano,1685318400000,1.206957566262321e-05,0.0,6.142946011861411e-06
binance-peg-cardano,1685404800000,1.190548489374737e-05,0.0,6.170428482956911e-06
binance-peg-cardano,1685491200000,1.1879726459098256e-05,0.0,2.6172214787292525e-06
binance-peg-cardano,1685577600000,1.1748390242924377e-05,0.0,6.059059269941904e-06
binance-peg-cardano,1685664000000,1.1429748866153855e-05,0.0,5.049020455375978e-06
binance-peg-cardano,1685750400000,1.189753475959641e-05,0.0,4.9967171884556555e-06
binance-peg-cardano,1685836800000,1.1748708248290416e-05,0.0,1.4087780397445712e-06
binance-peg-cardano,1685923200000,1.1922657183513446e-05,0.0,3.156856584964539e-06
binance-peg-cardano,1686009600000,1.1081532990341755e-05,0.0,1.4527837823164353e-05
binance-peg-cardano,1686096000000,1.1110471478651255e-05,0.0,1.2350221543211736e-05
binance-peg-cardano,1686182400000,1.0092854307328223e-05,0.0,1.697483349401797e-05
binance-peg-cardano,1686268800000,1.0127198886860377e-05,0.0,7.868544603678735e-06
binance-peg-cardano,1686355200000,9.23964591024707e-06,0.0,1.571985912787481e-05
binance-peg-cardano,1686441600000,8.633209677211752e-06,0.0,6.474729716015699e-05
binance-peg-cardano,1686528000000,8.53780806740022e-06,0.0,2.1339574372887824e-05
binance-peg-cardano,1686614400000,8.6154013767136e-06,0.0,1.9979959003259142e-05
binance-peg-cardano,1686700800000,8.583918845475794e-06,0.0,1.3550784249156072e-05
binance-peg-cardano,1686787200000,8.182278068169235e-06,0.0,7.335418515384975e-06
binance-peg-cardano,1686873600000,8.163833756939006e-06,0.0,8.908978132414005e-06
binance-peg-cardano,1686960000000,8.204856449157965e-06,0.0,3.4355496297202862e-06
binance-peg-cardano,1687046400000,8.335556654599767e-06,0.0,5.330414285191787e-06
binance-peg-cardano,1687132800000,8.1323512257012e-06,0.0,9.413404264078357e-06
binance-peg-cardano,1687219200000,8.219484695995732e-06,0.0,2.8695562931148193e-06
binance-peg-cardano,1687305600000,8.428096216116954e-06,0.0,5.286620159453085e-06
binance-peg-cardano,1687392000000,8.96139121496343e-06,0.0,8.026496890238063e-06
binance-peg-cardano,1687478400000,9.111807753099615e-06,0.0,1.1267767749693517e-05
binance-peg-cardano,1687564800000,9.272400462949032e-06,0.0,5.480682050535472e-06
binance-peg-cardano,1687651200000,9.069195034050463e-06,0.0,5.292050896195799e-06
binance-peg-cardano,1687737600000,9.177952869235612e-06,0.0,5.639644562840902e-06
binance-peg-cardano,1687824000000,8.780764167053592e-06,0.0,4.358448519151513e-06
binance-peg-cardano,1687910400000,8.956621134472854e-06,0.0,4.620562769516238e-06
binance-peg-cardano,1687996800000,8.367993201935688e-06,0.0,8.124452550290943e-06
binance-peg-cardano,1688083200000,8.627485580623061e-06,0.0,3.6977949089274085e-06
binance-peg-cardano,1688169600000,8.968069327650237e-06,0.0,2.1184763243197826e-05
binance-peg-cardano,1688256000000,9.150604407756305e-06,0.0,9.421647812226993e-06
binance-peg-cardano,1688342400000,9.134386134088345e-06,0.0,5.2639696255001375e-06
binance-peg-cardano,1688428800000,9.2704924307528e-06,0.0,7.546840291849737e-06
binance-peg-cardano,1688515200000,9.167776697522382e-06,0.0,6.5756288807301084e-06
binance-peg-cardano,1688601600000,8.907330302736894e-06,0.0,3.5217922392917916e-06
binance-peg-cardano,1688688000000,8.74228551776294e-06,0.0,7.176698174430754e-06
binance-peg-cardano,1688774400000,8.892384050533087e-06,0.0,1.7872145521862838e-05
binance-peg-cardano,1688860800000,9.083823280888232e-06,0.0,6.147444742436789e-06
binance-peg-cardano,1688947200000,8.910828361763317e-06,0.0,3.137261033768722e-06
binance-peg-cardano,1689033600000,8.985241617416314e-06,0.0,8.861396764923734e-06
binance-peg-cardano,1689120000000,9.16205260093369e-06,0.0,4.216927647155416e-06
binance-peg-cardano,1689206400000,9.042164577937195e-06,0.0,2.3038285495423395e-06
binance-peg-cardano,1689292800000,1.123385756067417e-05,0.0,4.3575712487412834e-05
binance-peg-cardano,1689379200000,1.033072232112498e-05,0.0,2.7896137444586144e-05
binance-peg-cardano,1689465600000,1.0218784432279449e-05,0.0,5.81501418419074e-06
binance-peg-cardano,1689552000000,9.87470262622585e-06,0.0,6.363057674184152e-06
binance-peg-cardano,1689638400000,9.80696748325966e-06,0.0,6.7015981979444625e-06
binance-peg-cardano,1689724800000,9.6021720275309e-06,0.0,4.790260808527726e-06
binance-peg-cardano,1689811200000,1.0125290854664145e-05,0.0,9.900201381979157e-06
binance-peg-cardano,1689897600000,9.945299817486385e-06,0.0,9.30127362544632e-06
binance-peg-cardano,1689984000000,9.789795193493584e-06,0.0,2.838663315809547e-06
binance-peg-cardano,1690070400000,9.635880596330975e-06,0.0,2.3623677287562927e-06
binance-peg-cardano,1690156800000,9.917951356007077e-06,0.0,2.639565763144996e-06
binance-peg-cardano,1690243200000,9.546203083108134e-06,0.0,3.540921566444679e-06
binance-peg-cardano,1690329600000,9.525214728949597e-06,0.0,2.4735917715361323e-06
binance-peg-cardano,1690416000000,9.594857904112015e-06,0.0,3.1903467174359705e-06
binance-peg-cardano,1690502400000,9.650190837802706e-06,0.0,2.742751970849171e-06
binance-peg-cardano,1690588800000,9.715063932474548e-06,0.0,2.0271652365678017e-06
binance-peg-cardano,1690675200000,9.795837295448314e-06,0.0,1.5972779442825854e-06
binance-peg-cardano,1690761600000,9.80283341350116e-06,0.0,4.04254129452171e-06
binance-peg-cardano,1690848000000,9.631110515840399e-06,0.0,2.812057832025131e-06
binance-peg-cardano,1690934400000,9.703933744663202e-06,0.0,5.337062507468406e-06
binance-peg-cardano,1691020800000,9.398966598632332e-06,0.0,3.2006043092582093e-06
binance-peg-cardano,1691107200000,9.170638745816729e-06,0.0,3.631138570262714e-06
binance-peg-cardano,1691193600000,9.16205260093369e-06,0.0,1.9063383042591833e-06
binance-peg-cardano,1691280000000,9.187175024850726e-06,0.0,1.3179992470027696e-06
binance-peg-cardano,1691366400000,9.157282520443113e-06,0.0,9.496846836402181e-07
binance-peg-cardano,1691452800000,9.085731313084463e-06,0.0,4.046042614988186e-06
binance-peg-cardano,1691539200000,9.326143369809528e-06,0.0,4.245232970542799e-06
binance-peg-cardano,1691625600000,9.439989290851293e-06,0.0,7.3418824576370435e-06
binance-peg-cardano,1691712000000,9.303564988820798e-06,0.0,2.006284807263152e-06
binance-peg-cardano,1691798400000,9.158872547273305e-06,0.0,1.3701330381690983e-06
binance-peg-cardano,1691884800000,9.096225490163732e-06,0.0,2.2473995312809824e-06
binance-peg-cardano,1691971200000,9.04343659940135e-06,0.0,1.8760487666985747e-06
binance-peg-cardano,1692057600000,9.096861500895807e-06,0.0,2.931114217766927e-06
binance-peg-cardano,1692144000000,8.833235052449936e-06,0.0,2.7860374483666285e-06
binance-peg-cardano,1692230400000,8.567700571807832e-06,0.0,5.238061268187495e-06
binance-peg-cardano,1692316800000,7.947272102666823e-06,0.0,9.378627927742521e-06
binance-peg-cardano,1692403200000,8.228706851610848e-06,0.0,7.68180309294813e-06
binance-peg-cardano,1692489600000,8.391843604388571e-06,0.0,5.0394498258994586e-06
binance-peg-cardano,1692576000000,8.438908398562261e-06,0.0,5.059009581694824e-06
binance-peg-cardano,1692599175000,8.404881824396147e-06,0.0,4.543144830952564e-06
apemove,1678579200000,3.4344579532152223e-08,1.8693335312302704e-08,4.16004853470552e-10
apemove,1678665600000,3.466258489819069e-08,1.8524611490121017e-08,9.204788543190966e-10
apemove,1678752000000,3.052851513969088e-08,1.814434528087823e-08,5.942875818794743e-10
apemove,1678838400000,2.8938488309498627e-08,1.7919142463622013e-08,5.330694589106402e-10
apemove,1678924800000,2.7030456113267983e-08,1.779974841687277e-08,3.2951427215142804e-10
apemove,1679011200000,2.6394445381191075e-08,1.775303144056696e-08,8.801673610420273e-11
apemove,1679097600000,2.5758434649114194e-08,1.7694299425927297e-08,7.598714103557592e-10
apemove,1679184000000,2.3214391720806616e-08,1.7500750814002056e-08,3.884295043933657e-10
apemove,1679270400000,2.3850402452883497e-08,1.7509582202971694e-08,3.5334493894974943e-10
apemove,1679356800000,2.3214391720806616e-08,1.7461995359637192e-08,2.2891212971916007e-10
apemove,1679443200000,1.971633269438369e-08,1.711761916042945e-08,7.669733949181777e-10
apemove,1679529600000,2.003433806042213e-08,1.710856230960127e-08,1.712610746809717e-10
apemove,1679616000000,1.84443112302299e-08,1.7015889490639758e-08,1.6198190503628482e-10
apemove,1679702400000,1.780830049815302e-08,1.691731788588991e-08,2.2875463690530247e-10
apemove,1679788800000,1.7172289766076112e-08,1.679526786646665e-08,2.7276623165599334e-10
apemove,1679875200000,1.621827366796079e-08,1.677421996260872e-08,2.2970577050610066e-10
apemove,1679961600000,1.4310241471730093e-08,1.65235175690536e-08,2.3157855669287493e-10
apemove,1680048000000,1.3992236105691652e-08,1.6530861869169035e-08,1.6155302774792332e-10
apemove,1680134400000,1.2084203909460982e-08,1.640414590858818e-08,2.6464546629682613e-10
apemove,1680220800000,1.2402209275499423e-08,1.6477206743897215e-08,2.8772737465831127e-10
apemove,1680307200000,1.2402209275499423e-08,1.6345329145874033e-08,1.1487480857590437e-11
apemove,1680393600000,1.1766198543422515e-08,1.6233888625964365e-08,1.0515532717130913e-10
apemove,1680480000000,1.2402209275499423e-08,1.6372694778831918e-08,3.3303308616119834e-10
apemove,1680566400000,1.1766198543422515e-08,1.6244622849059275e-08,7.8398379696806e-11
apemove,1680652800000,1.0812182445307193e-08,1.615153108678615e-08,1.798555457334724e-10
apemove,1680739200000,9.222155615114937e-09,1.6051059845951576e-08,5.475516230829388e-10
apemove,1680825600000,8.268139516999615e-09,1.5962526890477733e-08,2.0294845890195426e-10
apemove,1680912000000,7.314123418884293e-09,1.5862361062515365e-08,3.4727926735208905e-10
apemove,1680998400000,3.8160643924613405e-09,1.5563903928497038e-08,8.083165667252572e-10
apemove,1681084800000,4.134069758499808e-09,1.5537157116384933e-08,1.353259967946487e-10
apemove,1681171200000,3.4980590264229e-09,1.5473951043020474e-08,9.568384312984117e-11
apemove,1681257600000,1.272021464153789e-09,1.524286543017865e-08,4.772228146039891e-10
apemove,1681344000000,1.272021464153789e-09,1.5253132739353745e-08,2.3968976849553918e-11
apemove,1681430400000,0.0,1.5105744644679192e-08,2.645527076417728e-10
apemove,1681516800000,5.724096588692037e-09,1.5657747230298632e-08,1.7677052832346943e-09
apemove,1681603200000,8.268139516999615e-09,1.5914354805723187e-08,7.517607597089051e-10
apemove,1681689600000,8.904150249076496e-09,1.5998871022270407e-08,3.0296822317179606e-10
apemove,1681776000000,1.0812182445307193e-08,1.6219003346239873e-08,7.469880180705296e-10
apemove,1681862400000,2.7030456113267983e-08,1.7873699906474052e-08,6.765369856205808e-09
apemove,1681948800000,2.5758434649114194e-08,1.7673744020313552e-08,6.443869117869513e-10
apemove,1682035200000,2.7666466845344864e-08,1.795895327136728e-08,5.499223498137488e-10
apemove,1682121600000,2.4486413184960405e-08,1.7596802362801127e-08,1.5737204214856743e-09
apemove,1682208000000,1.4946252203807e-08,1.6715881306956297e-08,2.7022960697504426e-09
apemove,1682294400000,2.0670348792499038e-08,1.7160029975139165e-08,2.9675205495927888e-09
apemove,1682380800000,1.876231659626834e-08,1.7063511512420277e-08,1.3356302941102934e-10
apemove,1682467200000,1.971633269438369e-08,1.7078331232313565e-08,2.6027696250761716e-10
apemove,1682553600000,4.0704686852921195e-08,1.931708273954622e-08,6.013848133910706e-09
apemove,1682640000000,4.324872978122877e-08,1.94825445603703e-08,7.13649494725262e-10
apemove,1682726400000,4.1976708317074984e-08,1.93414262241875e-08,7.51477331983607e-10
apemove,1682812800000,4.2294713683113424e-08,1.9386833602889448e-08,2.352857384651156e-11
apemove,1682899200000,4.2294713683113424e-08,1.933100381004589e-08,3.729300429154577e-10
apemove,1682985600000,4.1340697584998076e-08,1.9315905860625045e-08,1.713866987757318e-12
apemove,1683072000000,5.72409658869204e-08,2.0879482250583126e-08,6.388807370391731e-09
apemove,1683158400000,7.027918589449676e-08,2.2106004355165075e-08,6.142285452150061e-09
apemove,1683244800000,6.932516979638138e-08,2.219870915453205e-08,1.65951540729588e-09
apemove,1683331200000,6.837115369826606e-08,2.2037102571586988e-08,1.1370118797004858e-12
apemove,1683417600000,4.1340697584998076e-08,1.9275090868148123e-08,6.600192881917608e-09
apemove,1683504000000,4.1340697584998076e-08,1.9170414203994672e-08,4.2612396041549905e-11
apemove,1683590400000,5.851298735107419e-08,2.1023055082885496e-08,8.597665473989563e-09
apemove,1683676800000,6.010301418126644e-08,2.1169279090801057e-08,2.276235904089842e-09
apemove,1683763200000,5.37429068604975e-08,2.0547866233156612e-08,1.905763607936072e-09
apemove,1683849600000,6.010301418126644e-08,2.1179579979401896e-08,1.1347889305812843e-08
apemove,1683936000000,5.18348746642668e-08,2.025082902914101e-08,1.5429388974131762e-09
apemove,1684022400000,3.720662782649827e-08,1.8851316916288114e-08,3.173499464175332e-09
apemove,1684108800000,3.847864929065206e-08,1.8887018241930905e-08,1.091245493203849e-10
apemove,1684195200000,3.7842638558575176e-08,1.8913286946981284e-08,2.856874934241234e-10
apemove,1684281600000,3.847864929065206e-08,1.8986146305735876e-08,3.219552104827189e-10
apemove,1684368000000,3.9432665388767406e-08,1.9073046661510642e-08,8.250095421301861e-11
apemove,1684454400000,3.752463319253671e-08,1.8907990991835992e-08,7.100969024229988e-11
apemove,1684540800000,3.688862246045983e-08,1.8828900251076203e-08,6.614468219820358e-11
apemove,1684627200000,3.688862246045983e-08,1.8817037119668316e-08,3.857918822238102e-11
apemove,1684713600000,3.720662782649827e-08,1.8885131398008366e-08,3.3968775768627925e-10
apemove,1684800000000,4.038668148688273e-08,1.9184794193312787e-08,4.41919231923085e-10
apemove,1684886400000,3.9432665388767406e-08,1.9013017841429303e-08,3.170298580649622e-10
apemove,1684972800000,4.0704686852921195e-08,1.9090156178435346e-08,3.09862599892416e-10
apemove,1685059200000,3.975067075480582e-08,1.9005030735163986e-08,2.0051580315922142e-10
apemove,1685145600000,3.9432665388767406e-08,1.907571062928602e-08,1.382343407143284e-10
apemove,1685232000000,3.9114660022728965e-08,1.9078955041420623e-08,4.500507593361534e-10
apemove,1685318400000,3.847864929065206e-08,1.899160056388823e-08,3.9925864391327265e-11
apemove,1685404800000,3.752463319253671e-08,1.8911948567012498e-08,1.4190277154863514e-10
apemove,1685491200000,4.0704686852921195e-08,1.911272315155295e-08,1.1196467643830466e-09
apemove,1685577600000,3.720662782649827e-08,1.884308675894125e-08,1.2075780853240587e-09
apemove,1685664000000,3.847864929065206e-08,1.9019215644008757e-08,0.0
apemove,1685750400000,3.847864929065206e-08,1.8913104658670123e-08,5.721787183250588e-12
apemove,1685836800000,3.9432665388767406e-08,1.9082712739062965e-08,3.308299130114267e-10
apemove,1685923200000,3.9432665388767406e-08,1.909236282641255e-08,7.291435800228523e-11
apemove,1686009600000,3.847864929065206e-08,1.90331383135287e-08,1.671771093389068e-11
apemove,1686096000000,4.102269221895961e-08,1.9238262233212626e-08,1.442243407776032e-10
apemove,1686182400000,4.006867612084429e-08,1.9140563693532017e-08,2.3566402607158853e-09
apemove,1686268800000,4.1340697584998076e-08,1.916937324179673e-08,6.777716121654992e-10
apemove,1686355200000,4.2930724415190306e-08,1.9411002794320934e-08,3.662981632087892e-10
apemove,1686441600000,4.1658702951036517e-08,1.9275925556730804e-08,3.3307189968391475e-10
apemove,1686528000000,4.3884740513305654e-08,1.9504051383046682e-08,2.696260904125119e-09
apemove,1686614400000,4.4838756611421e-08,1.9656346870940103e-08,2.4050704251852263e-10
apemove,1686700800000,5.18348746642668e-08,2.034067318123899e-08,2.835072950215508e-09
apemove,1686787200000,5.851298735107419e-08,2.0993954512931036e-08,1.2250998197970792e-10
apemove,1686873600000,5.7558971252958866e-08,2.0995678256785696e-08,4.465618302975282e-12
apemove,1686960000000,6.646312150203539e-08,2.181942314471682e-08,2.31229973552077e-09
apemove,1687046400000,5.37429068604975e-08,2.050194396992665e-08,3.053466581773538e-09
apemove,1687132800000,5.4378917592574407e-08,2.05675373805592e-08,1.5206031777194303e-11
apemove,1687219200000,5.310689612842059e-08,2.049297346619323e-08,1.3761434930838033e-10
apemove,1687305600000,5.342490149445906e-08,2.048177392819878e-08,1.7458412180549137e-10
apemove,1687392000000,5.215288003030527e-08,2.0382471571184013e-08,1.139324901576103e-10
apemove,1687478400000,5.215288003030527e-08,2.0275879280743105e-08,1.8866308657242078e-10
apemove,1687564800000,5.056285320011301e-08,2.0327243009963234e-08,2.1366130135619295e-10
apemove,1687651200000,5.088085856615148e-08,2.0157842802205926e-08,1.668474053297137e-10
apemove,1687737600000,4.2612719049151865e-08,1.9401323924606428e-08,1.6251402742876264e-09
apemove,1687824000000,4.3566735147267213e-08,1.953461345753097e-08,6.43444724438471e-11
apemove,1687910400000,4.2294713683113424e-08,1.9377314635202275e-08,3.9790495824869335e-11
apemove,1687996800000,4.3566735147267213e-08,1.9498280518880208e-08,1.582645864257978e-10
apemove,1688083200000,4.3884740513305654e-08,1.9548723212422893e-08,5.373157500025399e-10
apemove,1688169600000,4.038668148688273e-08,1.916124222370681e-08,2.615803308500092e-10
apemove,1688256000000,4.706479417369011e-08,1.9852743337972158e-08,5.360520313324155e-10
apemove,1688342400000,4.706479417369011e-08,1.9852743337972158e-08,5.360520313324155e-10
apemove,1688428800000,4.611077807557479e-08,1.9756485515557824e-08,3.355117301292484e-10
apemove,1688515200000,4.738279953972858e-08,1.9922340695369144e-08,5.142481640736902e-10
apemove,1688601600000,4.897282636992081e-08,2.0060086697795476e-08,1.996627552952948e-10
apemove,1688688000000,4.5474767343497884e-08,1.9718094637815282e-08,4.588061622046982e-10
apemove,1688774400000,4.5156761977459417e-08,1.965552497451961e-08,4.941262839152965e-11
apemove,1688860800000,4.4838756611421e-08,1.9642748802535648e-08,5.449647160809215e-11
apemove,1688947200000,4.4838756611421e-08,1.962080704634492e-08,4.79163598630074e-10
apemove,1689033600000,4.4202745879344095e-08,1.9557356322878638e-08,2.6040255836547205e-11
apemove,1689120000000,4.3884740513305654e-08,1.954539565123408e-08,6.595418844963888e-11
apemove,1689206400000,4.2294713683113424e-08,1.9514398643235443e-08,2.2676193068934328e-10
apemove,1689292800000,4.038668148688273e-08,1.9255095119630043e-08,8.022925137971948e-10
apemove,1689379200000,4.0704686852921195e-08,1.9199527566111315e-08,8.036633675001403e-10
apemove,1689465600000,5.119886393218992e-08,2.0317002884132782e-08,4.8172160619215475e-09
apemove,1689552000000,5.119886393218992e-08,2.0317002884132782e-08,4.8172160619215475e-09
apemove,1689638400000,5.72409658869204e-08,2.0878960969974017e-08,3.6671619434363104e-09
apemove,1689724800000,5.533293369068973e-08,2.0652723586600952e-08,4.541890522731146e-10
apemove,1689811200000,5.247088539634371e-08,2.040220348135699e-08,6.501959394175188e-10
apemove,1689897600000,5.088085856615148e-08,2.0237859375703975e-08,2.209323229907892e-10
apemove,1689984000000,2.0447745036272127e-07,3.59099402237328e-08,3.6472637899884744e-08
apemove,1690070400000,1.625007420456463e-07,3.14204957258662e-08,1.1006583200688874e-08
apemove,1690156800000,1.6377276350980007e-07,3.1596304806879044e-08,1.7538980584322617e-10
apemove,1690243200000,3.9114660022728965e-08,1.9049950412682564e-08,2.6231747490617506e-08
apemove,1690329600000,4.706479417369011e-08,1.982990613042836e-08,3.4129815426470352e-09
apemove,1690416000000,5.310689612842059e-08,2.0453001157400356e-08,5.797611012962977e-09
apemove,1690502400000,5.37429068604975e-08,2.0521971698850195e-08,9.516358278730095e-11
apemove,1690588800000,5.7876976618997306e-08,2.0903398796811424e-08,2.7848250014684427e-09
apemove,1690675200000,6.391907857372778e-08,2.1571726909275573e-08,5.168427788025748e-09
apemove,1690761600000,6.073902491334333e-08,2.1343073406269495e-08,8.693724766811542e-10
apemove,1690848000000,5.9148998083151095e-08,2.1198168590079434e-08,6.199240377496087e-12
apemove,1690934400000,6.042101954730488e-08,2.1218578484848307e-08,4.606946194524163e-10
apemove,1691020800000,5.978500881522798e-08,2.119736588190222e-08,1.271373414864355e-10
apemove,1691107200000,6.582711076995848e-08,2.1650862422603014e-08,2.667521742762896e-09
apemove,1691193600000,6.201104637749711e-08,2.1325970285425886e-08,8.802733853530024e-10
apemove,1691280000000,5.978500881522798e-08,2.112653088281367e-08,2.5008873794041713e-11
apemove,1691366400000,5.978500881522798e-08,2.11453721386944e-08,3.869171102529426e-11
apemove,1691452800000,6.13750356454202e-08,2.1185646662318935e-08,9.646892687016481e-11
apemove,1691539200000,6.105703027938179e-08,2.1260875769118612e-08,1.3888381313509861e-10
apemove,1691625600000,6.105703027938179e-08,2.1284803508488825e-08,1.6111303776230043e-10
apemove,1691712000000,5.72409658869204e-08,2.0892261620607633e-08,1.3433935872033972e-09
apemove,1691798400000,5.978500881522798e-08,2.1113330970457276e-08,3.303504212179868e-09
apemove,1691884800000,5.851298735107419e-08,2.1011016059247543e-08,4.8690704286460215e-11
apemove,1691971200000,6.232905174353558e-08,2.1376668822212305e-08,9.040313336282705e-09
apemove,1692057600000,5.278889076238218e-08,2.0416562683411556e-08,3.595453757923506e-09
apemove,1692144000000,4.1658702951036517e-08,1.9373058043234652e-08,1.1579566553439542e-09
apemove,1692230400000,4.770080490576702e-08,1.991153771440248e-08,3.4832058054595156e-09
apemove,1692316800000,4.2930724415190306e-08,1.956353333819454e-08,1.037281825867351e-09
apemove,1692403200000,4.2612719049151865e-08,1.941696554092021e-08,2.902419460844977e-10
apemove,1692489600000,4.4520751245382535e-08,1.958371297404405e-08,8.822097237523026e-11
apemove,1692576000000,4.3884740513305654e-08,1.9520716372335397e-08,6.848207304982276e-10
apemove,1692616353000,4.4520751245382535e-08,1.9709453532258166e-08,9.439470368006803e-10
ethereum,1678579200000,0.04688666410391443,0.2896803517828008,0.2594266442736924
ethereum,1678665600000,0.05050536037397622,0.31182696150159694,0.19752543926357322
ethereum,1678752000000,0.05339026784804918,0.33123578431519834,0.9221844833623877
ethereum,1678838400000,0.05432473520229804,0.33687610339897317,0.2804770156306209
ethereum,1678924800000,0.05272736912626301,0.3268366482339392,0.24404718048441643
ethereum,1679011200000,0.053418152148570264,0.33142749083264045,0.4270973507326682
ethereum,1679097600000,0.05702771403249797,0.353121902810322,0.20448069120147064
ethereum,1679184000000,0.056268524875902184,0.348968422561727,0.16935989016597836
ethereum,1679270400000,0.05728430047815048,0.35669782223971586,0.15196077664490373
ethereum,1679356800000,0.05547402440346148,0.34346661183921073,0.183464711711762
ethereum,1679443200000,0.05760369934370291,0.356966388423051,0.15316575182599823
ethereum,1679529600000,0.055575740645826446,0.3443210552453865,0.19544417378650275
ethereum,1679616000000,0.05803445096822736,0.35943874791660674,0.15528617334894768
ethereum,1679702400000,0.05568956685053551,0.34724716845235054,0.1640545500458902
ethereum,1679788800000,0.05577743904729535,0.3460734556277479,0.1134683996781826
ethereum,1679875200000,0.05650519591750117,0.3512686056728389,0.11903176568713693
ethereum,1679961600000,0.05467040926121939,0.338425503051208,0.13798344394080586
ethereum,1680048000000,0.05647899068531277,0.3502542726999188,0.13502218108649278
ethereum,1680134400000,0.05709888840349786,0.35411681295667785,0.14700527783856918
ethereum,1680220800000,0.057015304827104415,0.35371778654463837,0.1549644247604179
ethereum,1680307200000,0.058004664995617364,0.36006891669560415,0.14607284553450417
ethereum,1680393600000,0.05797224021447999,0.3595096251373011,0.08766642622497818
ethereum,1680480000000,0.05716885085604779,0.35448689291863056,0.09446145550398961
ethereum,1680566400000,0.05757364847262301,0.35776969936039876,0.15755751362565099
ethereum,1680652800000,0.05950926032023411,0.36883647181887363,0.1637646012638509
ethereum,1680739200000,0.06078144587515677,0.3772071735258933,0.1638490242473843
ethereum,1680825600000,0.059538298980233904,0.36931420896729367,0.13021972970948315
ethereum,1680912000000,0.05936056132907989,0.36822548442246383,0.13148972362060593
ethereum,1680998400000,0.05886425448837345,0.36541660567970663,0.08442827625777621
ethereum,1681084800000,0.059146952354631376,0.3671363038167893,0.10472511818372092
ethereum,1681171200000,0.06073512425952351,0.37693152498591037,0.1363192975101641
ethereum,1681257600000,0.06019632299776408,0.3733075582051677,0.1448837702566549
ethereum,1681344000000,0.06106397265452777,0.3790187008554199,0.18598972640107903
ethereum,1681430400000,0.0640075063258621,0.3967159004916014,0.19736299380400588
ethereum,1681516800000,0.06687466719247794,0.413802005422939,0.2531267782383229
ethereum,1681603200000,0.06656366239656746,0.41194747423846423,0.13113077389233393
ethereum,1681689600000,0.06737242827172328,0.4150928454033144,0.1255700361460745
ethereum,1681776000000,0.06606659870308984,0.4059106773179587,0.15299357527810595
ethereum,1681862400000,0.06688524468696311,0.4111506286342684,0.14312694679434698
ethereum,1681948800000,0.061579233251060836,0.3789891105547288,0.2219580444103722
ethereum,1682035200000,0.061802144836482074,0.383093711811611,0.175669356962597
ethereum,1682121600000,0.05883560443093095,0.3643800330338283,0.18988327675159516
ethereum,1682208000000,0.059706671691363455,0.37026469342195006,0.11043716566496155
ethereum,1682294400000,0.059264574589394846,0.36698990828562755,0.10429817392385696
ethereum,1682380800000,0.058596497786233465,0.36320626655500865,0.12978852085808393
ethereum,1682467200000,0.059484827649956,0.368571741912056,0.13674359902654695
ethereum,1682553600000,0.05939019275108199,0.36809899460581963,0.2282008127057636
ethereum,1682640000000,0.06075340066392047,0.3765034984695671,0.24474877457570168
ethereum,1682726400000,0.06024367940285842,0.3735758292903092,0.12519928457705126
ethereum,1682812800000,0.060588580708740306,0.3756676730767002,0.07441214813731076
ethereum,1682899200000,0.05995632530203096,0.37199453220605105,0.10362930640937881
ethereum,1682985600000,0.05828151378917775,0.3612244407406342,0.1367950347791217
ethereum,1683072000000,0.05949320232127062,0.36872897559505746,0.11791250227954743
ethereum,1683158400000,0.06053942852734394,0.3750591537742737,0.12523429911807762
ethereum,1683244800000,0.059702215482169155,0.3701070573323209,0.10120145055505618
ethereum,1683331200000,0.06339781212785173,0.3928303157486287,0.15077648002649974
ethereum,1683417600000,0.060433926749101655,0.3739306714546259,0.15747750728190793
ethereum,1683504000000,0.060269185659252274,0.37373027295402517,0.08815633294323033
ethereum,1683590400000,0.05880822067085601,0.3641682330121091,0.16257187682787977
ethereum,1683676800000,0.05870568397464667,0.363905568792647,0.09012390252746849
ethereum,1683763200000,0.058603963598211954,0.36289955222336634,0.14807637815126465
ethereum,1683849600000,0.05717950276378861,0.35420663011598325,0.13035235923026914
ethereum,1683936000000,0.05751732145415808,0.35639521245567624,0.14892123066040514
ethereum,1684022400000,0.057151757431612486,0.3537302611500974,0.07283117934258938
ethereum,1684108800000,0.057209290644430796,0.3543973708575188,0.06950363948218816
ethereum,1684195200000,0.057878249912482936,0.3577936023140849,0.10825598276312598
ethereum,1684281600000,0.05799331252205516,0.35951021533368843,0.08885642827314412
ethereum,1684368000000,0.05791023711823664,0.3587933681670818,0.09401120441874024
ethereum,1684454400000,0.05731684959938598,0.3554441378046325,0.08725540358953873
ethereum,1684540800000,0.05762661035830451,0.3570897394679991,0.07201743156220188
ethereum,1684627200000,0.05784405702151038,0.35821363435209097,0.0440916915244363
ethereum,1684713600000,0.05739756285934556,0.3558100059105485,0.0542445074060197
ethereum,1684800000000,0.05782599209068184,0.35817430581100923,0.07330294163573566
ethereum,1684886400000,0.0589641860846242,0.3649871573266121,0.10659358850761418
ethereum,1684972800000,0.05726422130133345,0.355049752482366,0.11313311155455787
ethereum,1685059200000,0.05742544207178079,0.3556330543027892,0.10548446165036315
ethereum,1685145600000,0.05816164929857834,0.3601768689802651,0.08832365842774635
ethereum,1685232000000,0.05820458352105256,0.36028554559685594,0.057529701827381895
ethereum,1685318400000,0.06086023361262499,0.3766694241357271,0.10220390470078082
ethereum,1685404800000,0.06022097986182524,0.3730076847861965,0.09562467533808267
ethereum,1685491200000,0.060455160285397415,0.37428961816654527,0.08512350604352752
ethereum,1685577600000,0.05961615337195281,0.3692059615844391,0.0838663348685829
ethereum,1685664000000,0.05920371631246924,0.3665328280107634,0.08821292385569149
ethereum,1685750400000,0.06065022509493077,0.37551314893165866,0.09772389699003846
ethereum,1685836800000,0.06016895132189305,0.3725335424703174,0.053710665982443305
ethereum,1685923200000,0.06020393509221094,0.3723747259879136,0.06044351838571778
ethereum,1686009600000,0.057675899600013646,0.3573206135638719,0.1539638603572921
ethereum,1686096000000,0.05988797450067612,0.37042165883386635,0.13491425578696029
ethereum,1686182400000,0.05826862185163856,0.3606940151510924,0.11983569549448231
ethereum,1686268800000,0.058704594488262624,0.3635227727812586,0.06865387798652663
ethereum,1686355200000,0.05848765154555656,0.36189546720589866,0.07203154308835166
ethereum,1686441600000,0.055799400179868605,0.3454090822853949,0.5857060970353265
ethereum,1686528000000,0.05570563216362241,0.344842386445142,0.07115717873694
ethereum,1686614400000,0.05541533937520739,0.34297352958472066,0.09519273520698045
ethereum,1686700800000,0.055230686061358135,0.34173124667075583,0.09614538268857763
ethereum,1686787200000,0.05249225376691467,0.32512030348542087,0.11349275636056737
ethereum,1686873600000,0.05294702656277357,0.32764181024177447,0.1171363466201295
ethereum,1686960000000,0.05458156842011459,0.337830263167496,0.0991141900324998
ethereum,1687046400000,0.05489943163775443,0.33991698297616074,0.06872279204804214
ethereum,1687132800000,0.05467365895805494,0.33850029702974543,0.057763895962362984
ethereum,1687219200000,0.055167201378114414,0.3414097237752137,0.0816097505130152
ethereum,1687305600000,0.05692886651654004,0.3521401379471381,0.11172067014960693
ethereum,1687392000000,0.06019507196465408,0.37264141427365277,0.1738654999067185
ethereum,1687478400000,0.059599714402560816,0.3690382653291171,0.13918245303798685
ethereum,1687564800000,0.06014563612247121,0.3723758258993627,0.13156219995552612
ethereum,1687651200000,0.05962776279385077,0.3691493563854742,0.06913980248857438
ethereum,1687737600000,0.06039375344921539,0.3738707933484223,0.10413551849288974
ethereum,1687824000000,0.059142564834596144,0.3652398686888154,0.13990462432645925
ethereum,1687910400000,0.06010327430965586,0.37192344036848857,0.1245352536451632
ethereum,1687996800000,0.05814580627124231,0.36010151163244886,0.09646867348083746
ethereum,1688083200000,0.05894040341731428,0.36496266417653866,0.0934655321928402
ethereum,1688169600000,0.06150354129583101,0.3805588988094344,0.16538833182021448
ethereum,1688256000000,0.06120212086364756,0.37839590953126384,0.08150438831263973
ethereum,1688342400000,0.061500811855774294,0.3804876728363293,0.10158600955371908
ethereum,1688428800000,0.062131138241933254,0.3846946463393015,0.12946745286650546
ethereum,1688515200000,0.06159750297734511,0.3818843457597931,0.08579975875896656
ethereum,1688601600000,0.06075494235393502,0.37667591629598757,0.11569051252220636
ethereum,1688688000000,0.05900494356036788,0.365813485923065,0.19153182737550184
ethereum,1688774400000,0.05944513962625831,0.36786761079488506,0.12554175517063013
ethereum,1688860800000,0.05930367175912245,0.3670053338730232,0.07388079740896038
ethereum,1688947200000,0.059368804028167604,0.36745809498341653,0.03920154450621257
ethereum,1689033600000,0.05963457796685034,0.36889774493471994,0.12555154418209988
ethereum,1689120000000,0.059653391164305174,0.36917934909279304,0.07782028805368914
ethereum,1689206400000,0.059578372108429874,0.3685471414535485,0.11284429951423508
ethereum,1689292800000,0.06370438997106159,0.39405009071855013,0.17327785512202404
ethereum,1689379200000,0.06156378836644308,0.3803631950528236,0.1861565595388643
ethereum,1689465600000,0.061419068576434116,0.3800090235662198,0.06265212065621895
ethereum,1689552000000,0.06115342629197292,0.3779881911360658,0.0643671236079875
ethereum,1689638400000,0.06080638226593467,0.37622897666814176,0.10867267462636188
ethereum,1689724800000,0.06033179964380378,0.3730863686954685,0.12897622115631618
ethereum,1689811200000,0.06007818082422713,0.3718972839376873,0.1257870886503939
ethereum,1689897600000,0.06013512604512364,0.37248208807618727,0.15844252135491804
ethereum,1689984000000,0.060149687192829177,0.3724546707712858,0.089228910296118
ethereum,1690070400000,0.059095143238401766,0.36564511899003016,0.08254470971427172
ethereum,1690156800000,0.06003376088068279,0.37146158486830894,0.0923690977446916
ethereum,1690243200000,0.05884455341993663,0.3640234471074582,0.13347515525461912
ethereum,1690329600000,0.05907241825693929,0.3659203651233854,0.061231845145934986
ethereum,1690416000000,0.0595156070713295,0.36817714197292134,0.10333774301967845
ethereum,1690502400000,0.05910995656436256,0.3658161418068079,0.09370398729916
ethereum,1690588800000,0.05961612506947522,0.36893900502761473,0.06752888018760278
ethereum,1690675200000,0.059814054153340485,0.37017334711745936,0.04228879382064342
ethereum,1690761600000,0.05920831212601922,0.3664717426846767,0.08189765750420061
ethereum,1690848000000,0.05906222968301678,0.365429616827336,0.08634864571940251
ethereum,1690934400000,0.05945874771188183,0.36997310957950974,0.1271420558149256
ethereum,1691020800000,0.058449616195746165,0.36176063415850657,0.11566033456377006
ethereum,1691107200000,0.05837613628584249,0.36148514658117475,0.08355650396709396
ethereum,1691193600000,0.05814589690277163,0.35936958763085725,0.0880962087189369
ethereum,1691280000000,0.05835607905139572,0.3610247397448549,0.041750340266663
ethereum,1691366400000,0.05809010572334848,0.35946423366969515,0.042322620937201565
ethereum,1691452800000,0.05809731522300193,0.35928221173842667,0.10832635938404749
ethereum,1691539200000,0.059048489943171724,0.3653217718511091,0.10603381923635054
ethereum,1691625600000,0.05901817099356826,0.3651270875246219,0.08499123854239646
ethereum,1691712000000,0.058858731371176094,0.36417550315851643,0.052797424340286996
ethereum,1691798400000,0.05875267181152178,0.3635337987228579,0.05224985151119849
ethereum,1691884800000,0.05878330844848592,0.36361629208153895,0.031337134507866626
ethereum,1691971200000,0.05849734434911341,0.3617800838121793,0.051508956566172305
ethereum,1692057600000,0.05862456493984002,0.36278856847544333,0.06357015181841019
ethereum,1692144000000,0.05809666776407668,0.3593640075922863,0.06245704998534787
ethereum,1692230400000,0.057541663810912226,0.35604289203955986,0.09152635943033602
ethereum,1692316800000,0.053293166181550805,0.3299075741726627,0.2964428354146197
ethereum,1692403200000,0.05281033672626244,0.32637063453193993,0.16767322611279897
ethereum,1692489600000,0.05308236932855417,0.32858692927472805,0.11633943275369697
ethereum,1692576000000,0.05350303891095373,0.3311919756469947,0.08706596594449861
ethereum,1692595660000,0.05337184007309799,0.33035303830954016,0.09147351180110701
bitcoin,1678579200000,0.652596347417396,0.6463504616194216,0.5337902774365748
bitcoin,1678665600000,0.7026553926662286,0.6972310238984467,0.518139269944517
bitcoin,1678752000000,0.7689036039158575,0.7638603329222704,0.9446331773577242
bitcoin,1678838400000,0.787341865412004,0.7833405158445195,0.9999999999999999
bitcoin,1678924800000,0.7781870302608579,0.7742161333509032,0.8924270469572783
bitcoin,1679011200000,0.8001418017727702,0.7963898116221901,0.8582136409465149
bitcoin,1679097600000,0.8734549436203913,0.8678828754196296,0.9137830787492707
bitcoin,1679184000000,0.8620421873709717,0.8567879881514319,0.6572021406530574
bitcoin,1679270400000,0.8963565713396024,0.8951334230145686,0.6560865988075207
bitcoin,1679356800000,0.8881623706142499,0.8824510684271545,0.7822445403954166
bitcoin,1679443200000,0.8988178361991088,0.8938834407204602,0.48690126003539586
bitcoin,1679529600000,0.8729008828711425,0.8686638125484766,0.500532255776
bitcoin,1679616000000,0.9050346980027458,0.8998779044637304,0.2879301604403586
bitcoin,1679702400000,0.8775513908000458,0.8737709965047497,0.304765001165662
bitcoin,1679788800000,0.8799270419369019,0.8759430801727064,0.21288105319798134
bitcoin,1679875200000,0.8919562461822959,0.8885753217214161,0.2043484237003396
bitcoin,1679961600000,0.8644115620359183,0.8600113188936243,0.26188519215436135
bitcoin,1680048000000,0.8678794251808144,0.8646155482194741,0.24971582904942213
bitcoin,1680134400000,0.9029760161704457,0.8986170303635652,0.2983493757254271
bitcoin,1680220800000,0.8917226108199211,0.8880745132596739,0.32104540154902267
bitcoin,1680307200000,0.9068489065317912,0.9033636043271911,0.27027518590795435
bitcoin,1680393600000,0.906281581778725,0.9021234407547989,0.14262133566346324
bitcoin,1680480000000,0.8979359796526174,0.8926782596975704,0.1652121440945454
bitcoin,1680566400000,0.8845453394202846,0.8831314038990734,0.2787479807970266
bitcoin,1680652800000,0.8959904733860473,0.8912572814137929,0.21030534127618566
bitcoin,1680739200000,0.8966859514395787,0.8930521759360407,0.2334407141530237
bitcoin,1680825600000,0.8917817696761705,0.8884534193403278,0.18496276352471455
bitcoin,1680912000000,0.8883299906066778,0.8849022076778755,0.14341178385885844
bitcoin,1680998400000,0.8894013296965072,0.8859862911329324,0.12506929055935326
bitcoin,1681084800000,0.9015843995662375,0.8982244424575692,0.16162240063845992
bitcoin,1681171200000,0.943139342136416,0.9399632919308779,0.24712623005366274
bitcoin,1681257600000,0.9623138563341274,0.958465412130918,0.25907450051493336
bitcoin,1681344000000,0.95096750691926,0.9478081823110202,0.26031049354006364
bitcoin,1681430400000,0.9668960338140193,0.9626893940206882,0.231975881263609
bitcoin,1681516800000,0.9689115960267168,0.964510847380365,0.2967439488828175
bitcoin,1681603200000,0.9639428633080726,0.9611024095894249,0.15595501190185343
bitcoin,1681689600000,0.9637089903956892,0.959953672802849,0.1582144055299435
bitcoin,1681776000000,0.9370808848477049,0.9332475008938792,0.2371769597230727
bitcoin,1681862400000,0.965651896968392,0.9623475093497839,0.25565573170148576
bitcoin,1681948800000,0.9169116384168321,0.9149715868728304,0.34132536611865383
bitcoin,1682035200000,0.8985424003033897,0.8942496307516784,0.30681032533138947
bitcoin,1682121600000,0.8681594960047434,0.8651305213945116,0.2887719575036113
bitcoin,1682208000000,0.8860149735529644,0.8833013804586191,0.16545756445902635
bitcoin,1682294400000,0.8779038552275482,0.8739657076583454,0.16171594651729795
bitcoin,1682380800000,0.8748846273749464,0.8715712809150232,0.2325283377378427
bitcoin,1682467200000,0.9015838036241816,0.8978823431697966,0.24127794733587285
bitcoin,1682553600000,0.9016147477723346,0.8983392624820097,0.43187861671947037
bitcoin,1682640000000,0.9375916609325661,0.9337386515965563,0.3710503076395353
bitcoin,1682726400000,0.933027434855587,0.9302932997043009,0.26487961600906745
bitcoin,1682812800000,0.929146149152578,0.9262988505549777,0.13733293806322658
bitcoin,1682899200000,0.9337289931717171,0.9308821010819694,0.2079775838564556
bitcoin,1682985600000,0.8944058790415231,0.8914342866757692,0.282547420518043
bitcoin,1683072000000,0.9112248320913778,0.9085698876223155,0.25028987637587685
bitcoin,1683158400000,0.9218440129459665,0.9190907284225274,0.2820413460020009
bitcoin,1683244800000,0.917332803451592,0.9147059984985403,0.17926705037030508
bitcoin,1683331200000,0.9387619388058934,0.9358054120364865,0.07030426767028043
bitcoin,1683417600000,0.9186455165643788,0.9154336569898782,0.09140725496385879
bitcoin,1683504000000,0.9098589694697438,0.9077285894993117,0.14422900702793345
bitcoin,1683590400000,0.8807717052117923,0.8776971974900127,0.30454306863639397
bitcoin,1683676800000,0.8779297195579843,0.8760679871899483,0.1255305035997544
bitcoin,1683763200000,0.8789582090147667,0.8759048783701823,0.2426568512399896
bitcoin,1683849600000,0.8594019017086594,0.8570378021859156,0.10965654992339469
bitcoin,1683936000000,0.8518627789991259,0.8495083449476828,0.12949677645855606
bitcoin,1684022400000,0.8521946452650538,0.8521438937423301,0.11829811113520966
bitcoin,1684108800000,0.8558096984656424,0.8536060784647854,0.08512394770750654
bitcoin,1684195200000,0.8658582911960985,0.8639809797946802,0.2060404746059846
bitcoin,1684281600000,0.8593366291992478,0.8579397295741614,0.18280711024894578
bitcoin,1684368000000,0.8710156414834851,0.8690689018870402,0.17790757968126586
bitcoin,1684454400000,0.8536201431149758,0.8523385512417088,0.17817430128224382
bitcoin,1684540800000,0.8549372758663398,0.8533352856314436,0.16346228589039863
bitcoin,1684627200000,0.8615969455139383,0.8596987830794344,0.05490201112352909
bitcoin,1684713600000,0.8514220184737107,0.8500895274265334,0.11491049049287361
bitcoin,1684800000000,0.8544702837142909,0.8527921439924661,0.11349481263220747
bitcoin,1684886400000,0.8657038782845273,0.863773767208517,0.1652529799116233
bitcoin,1684972800000,0.8375925600927386,0.836690084228536,0.2471519479299501
bitcoin,1685059200000,0.8419383880344565,0.8404687361169713,0.1690426595827423
bitcoin,1685145600000,0.8496461909663087,0.8481285194483659,0.1554709916231907
bitcoin,1685232000000,0.8537882868622418,0.8522027524184101,0.08526512813254238
bitcoin,1685318400000,0.8939229023497504,0.8921834068539184,0.1858829450836562
bitcoin,1685404800000,0.8827746896762523,0.8816251154102208,0.19067130665569532
bitcoin,1685491200000,0.8813170131813461,0.8799600640931814,0.18053519074079455
bitcoin,1685577600000,0.8664205580738179,0.8653058633757602,0.1414295669593812
bitcoin,1685664000000,0.8530206715174622,0.851891557959646,0.17190400501229033
bitcoin,1685750400000,0.8664926056875529,0.8653788867651357,0.21817546032449012
bitcoin,1685836800000,0.8607249821143844,0.8599761753814708,0.09436946630966786
bitcoin,1685923200000,0.8686457408376631,0.867214612146542,0.0862348557014599
bitcoin,1686009600000,0.8202188819804254,0.8196708056245071,0.29991677602348105
bitcoin,1686096000000,0.8655028292500158,0.8633920711085776,0.31376947260077415
bitcoin,1686182400000,0.8378245640875855,0.836676885291147,0.20821580727019623
bitcoin,1686268800000,0.8429656086498285,0.8420793284037269,0.14421286095132285
bitcoin,1686355200000,0.8417467510047637,0.8403548282142203,0.14797647520728577
bitcoin,1686441600000,0.8223020333716261,0.8214064122369387,0.13795814600731823
bitcoin,1686528000000,0.8241609976578824,0.8230915302311466,0.1476360464045608
bitcoin,1686614400000,0.8239632886337305,0.8228945119462187,0.13804391570396804
bitcoin,1686700800000,0.822749898454924,0.8215675358506747,0.14030914508889586
bitcoin,1686787200000,0.7984399222791705,0.7978426068566655,0.16945259615921693
bitcoin,1686873600000,0.8129678361979163,0.8118023073888724,0.21472426903074554
bitcoin,1686960000000,0.8372229335516418,0.8365560559943993,0.19237988013839202
bitcoin,1687046400000,0.8427472836558018,0.8421641020666316,0.13481587332553216
bitcoin,1687132800000,0.8374063227941612,0.8373400514136169,0.12146579035637985
bitcoin,1687219200000,0.8515987410517364,0.8509021205434271,0.0940670568111053
bitcoin,1687305600000,0.9009373995227263,0.8994713128070898,0.282241904890841
bitcoin,1687392000000,0.9572521239002012,0.9563550844667608,0.3359606692559407
bitcoin,1687478400000,0.9519690145747502,0.9521032023841358,0.27736063459455657
bitcoin,1687564800000,0.974026256001745,0.9735774442822417,0.3200332235553662
bitcoin,1687651200000,0.971118806399295,0.9708323872306397,0.16596508705368818
bitcoin,1687737600000,0.9684774636871459,0.9683362857460489,0.17078304735271568
bitcoin,1687824000000,0.9630951621279203,0.9613718610673412,0.22671741544844326
bitcoin,1687910400000,0.9760710944244508,0.9749505630044301,0.20380368548514932
bitcoin,1687996800000,0.9566705693610208,0.956547059255288,0.12005233529639507
bitcoin,1688083200000,0.9688544110297743,0.9688286168415007,0.17740978817492897
bitcoin,1688169600000,0.9693050570699983,0.968884309918776,0.3029420149912162
bitcoin,1688256000000,0.9725753644693288,0.9719999029931755,0.059541361785395916
bitcoin,1688342400000,0.972202263719608,0.9720032295546314,0.10233161799465265
bitcoin,1688428800000,0.9901004344422357,0.9898192196273135,0.20865637070947926
bitcoin,1688515200000,0.9786812080556386,0.9798991987493846,0.17540829734902239
bitcoin,1688601600000,0.9694326500450084,0.9699718808979397,0.14509255423205533
bitcoin,1688688000000,0.9536996964503628,0.9553047495142146,0.3079529752086885
bitcoin,1688774400000,0.9640415569094333,0.9641178838948496,0.1840998389943992
bitcoin,1688860800000,0.9624175655161212,0.962262628378445,0.07931259823491425
bitcoin,1688947200000,0.9594179261580568,0.9593245234539751,0.10690426653509569
bitcoin,1689033600000,0.9665543001595884,0.9665748178010097,0.18150787963048953
bitcoin,1689120000000,0.973758174298121,0.9738403499456804,0.16620969649414208
bitcoin,1689206400000,0.9669720052959659,0.96709461985558,0.18486413488992107
bitcoin,1689292800000,0.9999999999999999,0.9999999999999999,0.3005650518599859
bitcoin,1689379200000,0.9639322397028093,0.9629651766962136,0.3107875311837705
bitcoin,1689465600000,0.9634915984294063,0.9638407062096814,0.08815626777969245
bitcoin,1689552000000,0.9615633216935684,0.9601554126588755,0.1181712811692959
bitcoin,1689638400000,0.9587179779030949,0.9586969837316122,0.15519306189369558
bitcoin,1689724800000,0.9491832926563394,0.9492129570212552,0.18599832798808055
bitcoin,1689811200000,0.9514679249333386,0.9518634753424533,0.12084698291978763
bitcoin,1689897600000,0.9472437543964737,0.9485581609566418,0.15721631734125752
bitcoin,1689984000000,0.9513028130492325,0.9519790465259323,0.1200975877532633
bitcoin,1690070400000,0.9447987513773706,0.9448901440637189,0.09539134643007689
bitcoin,1690156800000,0.9558590028126063,0.9567257277979923,0.1050367085007329
bitcoin,1690243200000,0.9280953913700387,0.9284886937687709,0.2148819213500814
bitcoin,1690329600000,0.9293061242960066,0.9300726735638805,0.11213904902443488
bitcoin,1690416000000,0.9337804050992446,0.9341868789256107,0.18509213486860604
bitcoin,1690502400000,0.9285832780646631,0.9295644608201884,0.12794636212271213
bitcoin,1690588800000,0.93220387696083,0.93323773582638,0.10864485703607583
bitcoin,1690675200000,0.933560181295177,0.9346341404787587,0.069045865628509
bitcoin,1690761600000,0.9310481952157984,0.9319009946633369,0.11133351184982153
bitcoin,1690848000000,0.9296292730808353,0.9305877540473522,0.09392442106705659
bitcoin,1690934400000,0.9392957896781197,0.9372605144022941,0.21622080036114733
bitcoin,1691020800000,0.9268785234845491,0.9285262517206907,0.2724525748438061
bitcoin,1691107200000,0.9278170950160521,0.9299441180598806,0.17732080374374326
bitcoin,1691193600000,0.9250118898628801,0.9252489448361678,0.17129284343081058
bitcoin,1691280000000,0.9237036911542695,0.9250802559778308,0.07544869729413821
bitcoin,1691366400000,0.9236211344172031,0.9250438784186857,0.07580187642911038
bitcoin,1691452800000,0.9278806054577304,0.9292704357108732,0.18740435440474584
bitcoin,1691539200000,0.9470058908347522,0.9484036368116002,0.20651482171946717
bitcoin,1691625600000,0.9408342465321176,0.9423797705573986,0.20693538719301097
bitcoin,1691712000000,0.9356930804918249,0.9372692063854527,0.11463371198588124
bitcoin,1691798400000,0.9348353898091093,0.9365526006628226,0.06578506047130052
bitcoin,1691884800000,0.9353217567560895,0.9370130611533596,0.05648493482438717
bitcoin,1691971200000,0.9312776011068049,0.9328038878274892,0.06724544051895939
bitcoin,1692057600000,0.9349542866093798,0.9369883802135266,0.17547143357684494
bitcoin,1692144000000,0.9276370976187669,0.9292198934384326,0.1629568630097355
bitcoin,1692230400000,0.9143987447501387,0.916913762220821,0.20943374275493779
bitcoin,1692316800000,0.8427645459410863,0.8449408151062804,0.4237551273550624
bitcoin,1692403200000,0.8281760812566038,0.8298586146996243,0.25542681943327034
bitcoin,1692489600000,0.8301458182600445,0.8319411494793609,0.04744492029955249
bitcoin,1692576000000,0.8319241611898921,0.8335641895444671,0.11743536037432867
bitcoin,1692595656000,0.8295091021920658,0.831317687477492,0.12920749379268187
